obs_index,permID,provID,trkSub,obsTime,ra_deg,dec_deg,mag,band,station,astCat,mode,injection_type,injection_magnitude_arcsec
0,101955,1999 RQ36,J99R36Q,1999-09-11 09:44:59.136000+00:00,24.479305555555555,-27.073754444444447,15.1,V,704,USNOA1,CCD,systematic_bias,2.0
1,101955,1999 RQ36,J99R36Q,1999-09-11 10:06:56.736000+00:00,24.501305555555554,-27.066004444444445,15.1,V,704,USNOA1,CCD,systematic_bias,2.0
2,101955,1999 RQ36,J99R36Q,1999-09-11 10:29:31.488000+00:00,24.523925555555554,-27.057834444444445,15.3,V,704,USNOA1,CCD,systematic_bias,2.0
3,101955,1999 RQ36,J99R36Q,1999-09-11 10:51:03.168000+00:00,24.545675555555555,-27.049754444444446,15.4,V,704,USNOA1,CCD,systematic_bias,2.0
4,101955,1999 RQ36,J99R36Q,1999-09-11 11:12:12.384000+00:00,24.567345555555555,-27.041774444444446,15.2,V,704,USNOA1,CCD,systematic_bias,2.0
5,101955,1999 RQ36,C89272,1999-09-12 00:24:36.576000+00:00,25.617515555555553,-26.755554444444446,14.1,V,595,UNK,CCD,systematic_bias,2.0
6,101955,1999 RQ36,C89272,1999-09-12 00:28:37.632000+00:00,25.622095555555553,-26.754084444444445,,,595,UNK,CCD,systematic_bias,2.0
7,101955,1999 RQ36,C89272,1999-09-12 00:30:22.176000+00:00,25.626475555555555,-26.752274444444446,,,108,GSC,CCD,systematic_bias,2.0
8,101955,1999 RQ36,C89272,1999-09-12 00:31:01.056000+00:00,25.624055555555554,-26.754304444444447,15.0,R,046,USNOSA2,CCD,systematic_bias,2.0
9,101955,1999 RQ36,C89272,1999-09-12 00:32:10.176000+00:00,25.625265555555554,-26.753774444444446,,,046,USNOSA2,CCD,systematic_bias,2.0
10,101955,1999 RQ36,C89272,1999-09-12 00:32:10.176000+00:00,25.629885555555553,-26.751914444444445,,,108,GSC,CCD,systematic_bias,2.0
11,101955,1999 RQ36,C89272,1999-09-12 00:32:40.416000+00:00,25.626675555555554,-26.752614444444447,,,595,UNK,CCD,systematic_bias,2.0
12,101955,1999 RQ36,C89272,1999-09-12 00:33:29.664000+00:00,25.626765555555554,-26.753194444444446,,,046,USNOSA2,CCD,systematic_bias,2.0
13,101955,1999 RQ36,C89272,1999-09-12 00:35:21.120000+00:00,25.628975555555552,-26.752524444444447,,,046,USNOSA2,CCD,systematic_bias,2.0
14,101955,1999 RQ36,C89272,1999-09-12 00:36:19.872000+00:00,25.633265555555553,-26.750944444444446,,,108,GSC,CCD,systematic_bias,2.0
15,101955,1999 RQ36,C89272,1999-09-12 00:36:31.104000+00:00,25.630385555555552,-26.752254444444446,,,046,USNOSA2,CCD,systematic_bias,2.0
16,101955,1999 RQ36,C89272,1999-09-12 00:36:50.976000+00:00,25.631385555555553,-26.750974444444445,,,595,UNK,CCD,systematic_bias,2.0
17,101955,1999 RQ36,C89272,1999-09-12 00:37:39.360000+00:00,25.631595555555553,-26.751724444444445,,,046,USNOSA2,CCD,systematic_bias,2.0
18,101955,1999 RQ36,C89272,1999-09-12 00:45:57.888000+00:00,25.644305555555555,-26.746974444444447,14.8,V,108,GSC,CCD,systematic_bias,2.0
19,101955,1999 RQ36,C89272,1999-09-12 01:59:03.552000+00:00,25.734095555555555,-26.716754444444447,,,620,GSC,CCD,systematic_bias,2.0
20,101955,1999 RQ36,C89272,1999-09-12 02:07:49.728000+00:00,25.743765555555555,-26.713164444444445,,,620,GSC,CCD,systematic_bias,2.0
21,101955,1999 RQ36,C89272,1999-09-12 02:13:25.824000+00:00,25.750055555555555,-26.711114444444448,,,620,GSC,CCD,systematic_bias,2.0
22,101955,1999 RQ36,C89272,1999-09-12 02:19:48.576000+00:00,25.757475555555555,-26.708614444444446,,,620,GSC,CCD,systematic_bias,2.0
23,101955,1999 RQ36,C89272,1999-09-12 09:24:40.896000+00:00,26.356475555555555,-26.529224444444445,,,670,GSC1.1,CCD,systematic_bias,2.0
24,101955,1999 RQ36,C89272,1999-09-12 09:49:28.704000+00:00,26.386095555555553,-26.519134444444447,,,670,GSC1.1,CCD,systematic_bias,2.0
25,101955,1999 RQ36,C89272,1999-09-12 10:16:27.840000+00:00,26.417675555555554,-26.507664444444448,14.7,R,670,GSC1.1,CCD,systematic_bias,2.0
26,101955,1999 RQ36,C89272,1999-09-12 10:40:33.312000+00:00,26.445845555555554,-26.497084444444447,,,670,GSC1.1,CCD,systematic_bias,2.0
27,101955,1999 RQ36,C89272,1999-09-12 23:33:58.752000+00:00,27.616185555555553,-26.141884444444447,15.3,R,106,USNOA2,CCD,systematic_bias,2.0
28,101955,1999 RQ36,C89272,1999-09-12 23:39:38.304000+00:00,27.635175555555556,-26.133504444444448,,,952,UNK,CCD,systematic_bias,2.0
29,101955,1999 RQ36,C89272,1999-09-12 23:41:08.160000+00:00,27.637345555555555,-26.132774444444447,,,952,UNK,CCD,systematic_bias,2.0
30,101955,1999 RQ36,C89272,1999-09-12 23:43:29.856000+00:00,27.640515555555552,-26.131834444444447,,,952,UNK,CCD,systematic_bias,2.0
31,101955,1999 RQ36,C89272,1999-09-12 23:45:10.080000+00:00,27.642725555555554,-26.131024444444446,,,952,UNK,CCD,systematic_bias,2.0
32,101955,1999 RQ36,C89272,1999-09-12 23:51:25.920000+00:00,27.651345555555555,-26.128364444444447,,,952,UNK,CCD,systematic_bias,2.0
33,101955,1999 RQ36,C89272,1999-09-12 23:54:37.728000+00:00,27.655595555555553,-26.126974444444446,,,952,UNK,CCD,systematic_bias,2.0
34,101955,1999 RQ36,C89272,1999-09-13 00:02:27.744000+00:00,27.654685555555552,-26.128694444444445,15.3,R,106,USNOA2,CCD,systematic_bias,2.0
35,101955,1999 RQ36,C89272,1999-09-13 00:04:43.392000+00:00,27.655725555555552,-26.128864444444446,14.8,R,046,USNOSA2,CCD,systematic_bias,2.0
36,101955,1999 RQ36,C89272,1999-09-13 00:05:56.832000+00:00,27.657345555555555,-26.128274444444447,,,046,USNOSA2,CCD,systematic_bias,2.0
37,101955,1999 RQ36,C89272,1999-09-13 00:06:59.040000+00:00,27.658765555555554,-26.127804444444447,,,046,USNOSA2,CCD,systematic_bias,2.0
38,101955,1999 RQ36,C89272,1999-09-13 00:08:01.248000+00:00,27.660135555555552,-26.127334444444447,,,046,USNOSA2,CCD,systematic_bias,2.0
39,101955,1999 RQ36,C89272,1999-09-13 00:09:00+00:00,27.661475555555555,-26.126864444444447,,,046,USNOSA2,CCD,systematic_bias,2.0
40,101955,1999 RQ36,C89272,1999-09-13 00:43:51.744000+00:00,27.706345555555554,-26.110274444444446,,,118,USNOA2,CCD,systematic_bias,2.0
41,101955,1999 RQ36,C89272,1999-09-13 00:49:33.024000+00:00,27.713885555555553,-26.107444444444447,,,118,USNOA2,CCD,systematic_bias,2.0
42,101955,1999 RQ36,C89272,1999-09-13 00:53:29.760000+00:00,27.719135555555553,-26.105554444444447,,,118,USNOA2,CCD,systematic_bias,2.0
43,101955,1999 RQ36,J99R36Q,1999-09-13 08:21:24.480000+00:00,28.443675555555554,-25.865584444444448,15.1,V,704,USNOA1,CCD,systematic_bias,2.0
44,101955,1999 RQ36,J99R36Q,1999-09-13 08:37:39.936000+00:00,28.466015555555554,-25.857134444444448,15.4,V,704,USNOA1,CCD,systematic_bias,2.0
45,101955,1999 RQ36,J99R36Q,1999-09-13 08:53:30.336000+00:00,28.487885555555554,-25.848944444444445,15.5,V,704,USNOA1,CCD,systematic_bias,2.0
46,101955,1999 RQ36,C89272,1999-09-13 09:01:41.088000+00:00,28.512675555555553,-25.848024444444444,15.3,R,848,UNK,CCD,systematic_bias,2.0
47,101955,1999 RQ36,C89272,1999-09-13 09:02:57.984000+00:00,28.514765555555552,-25.847164444444445,15.1,R,848,UNK,CCD,systematic_bias,2.0
48,101955,1999 RQ36,C89272,1999-09-13 09:04:15.744000+00:00,28.516475555555555,-25.846554444444447,14.6,R,848,UNK,CCD,systematic_bias,2.0
49,101955,1999 RQ36,C89272,1999-09-13 09:05:35.232000+00:00,28.518515555555553,-25.845834444444446,14.6,R,848,UNK,CCD,systematic_bias,2.0
50,101955,1999 RQ36,C89272,1999-09-13 09:06:52.992000+00:00,28.520385555555553,-25.845364444444446,14.3,R,848,UNK,CCD,systematic_bias,2.0
51,101955,1999 RQ36,C89272,1999-09-13 13:54:06.336000+00:00,29.026095555555553,-25.609724444444446,13.8,R,426,USNOSA2,CCD,systematic_bias,2.0
52,101955,1999 RQ36,C89272,1999-09-13 13:57:11.232000+00:00,29.030685555555554,-25.608194444444447,13.8,R,426,USNOSA2,CCD,systematic_bias,2.0
53,101955,1999 RQ36,C89272,1999-09-13 13:59:57.120000+00:00,29.034975555555555,-25.606864444444447,13.6,R,426,USNOSA2,CCD,systematic_bias,2.0
54,101955,1999 RQ36,C89272,1999-09-13 14:26:24.288000+00:00,29.060345555555553,-25.600944444444448,15.5,R,428,GSC,CCD,systematic_bias,2.0
55,101955,1999 RQ36,C89272,1999-09-13 14:28:38.208000+00:00,29.063515555555554,-25.599774444444446,15.6,R,428,GSC,CCD,systematic_bias,2.0
56,101955,1999 RQ36,C89272,1999-09-13 14:30:49.536000+00:00,29.066675555555555,-25.598634444444446,15.6,R,428,GSC,CCD,systematic_bias,2.0
57,101955,1999 RQ36,C89272,1999-09-13 14:33:25.920000+00:00,29.070385555555553,-25.597274444444444,15.6,R,428,GSC,CCD,systematic_bias,2.0
58,101955,1999 RQ36,C89272,1999-09-14 00:12:08.352000+00:00,30.074175555555552,-25.315834444444445,14.4,R,046,USNOSA2,CCD,systematic_bias,2.0
59,101955,1999 RQ36,C89272,1999-09-14 00:13:52.896000+00:00,30.077055555555553,-25.314754444444446,,,046,USNOSA2,CCD,systematic_bias,2.0
60,101955,1999 RQ36,C89272,1999-09-14 00:15:31.392000+00:00,30.079635555555555,-25.313834444444446,,,046,USNOSA2,CCD,systematic_bias,2.0
61,101955,1999 RQ36,C89272,1999-09-14 00:17:04.704000+00:00,30.082135555555553,-25.312864444444447,,,046,USNOSA2,CCD,systematic_bias,2.0
62,101955,1999 RQ36,C89272,1999-09-14 00:41:16.224000+00:00,30.116595555555556,-25.297054444444445,15.4,R,629,GSC,CCD,systematic_bias,2.0
63,101955,1999 RQ36,C89272,1999-09-14 00:48:24.768000+00:00,30.127135555555554,-25.292634444444445,15.5,R,629,GSC,CCD,systematic_bias,2.0
64,101955,1999 RQ36,C89272,1999-09-14 00:51:48.672000+00:00,30.132885555555553,-25.290364444444446,16.2,R,629,GSC,CCD,systematic_bias,2.0
65,101955,1999 RQ36,C89272,1999-09-14 00:55:21.216000+00:00,30.138175555555552,-25.288304444444446,16.0,R,629,GSC,CCD,systematic_bias,2.0
66,101955,1999 RQ36,C89272,1999-09-14 00:56:45.888000+00:00,30.140635555555555,-25.287414444444448,16.4,R,629,GSC,CCD,systematic_bias,2.0
67,101955,1999 RQ36,C89272,1999-09-14 00:59:12.768000+00:00,30.144725555555553,-25.286194444444448,15.5,R,629,GSC,CCD,systematic_bias,2.0
68,101955,1999 RQ36,C89272,1999-09-14 01:01:37.920000+00:00,30.148425555555555,-25.284334444444447,15.8,R,629,GSC,CCD,systematic_bias,2.0
69,101955,1999 RQ36,C89272,1999-09-14 01:04:08.256000+00:00,30.152435555555552,-25.282694444444445,16.1,R,629,GSC,CCD,systematic_bias,2.0
70,101955,1999 RQ36,C89272,1999-09-14 01:05:56.256000+00:00,30.155225555555553,-25.281554444444446,15.8,R,629,GSC,CCD,systematic_bias,2.0
71,101955,1999 RQ36,C89272,1999-09-14 01:07:48.576000+00:00,30.158175555555555,-25.280474444444447,16.3,R,629,GSC,CCD,systematic_bias,2.0
72,101955,1999 RQ36,,1999-09-14 09:09:52.704000+00:00,31.069345555555554,-24.951114444444446,15.4,V,704,USNOA1,CCD,systematic_bias,2.0
73,101955,1999 RQ36,,1999-09-14 09:27:57.024000+00:00,31.099055555555555,-24.938504444444447,15.5,V,704,USNOA1,CCD,systematic_bias,2.0
74,101955,1999 RQ36,,1999-09-14 09:46:03.936000+00:00,31.128935555555554,-24.925834444444448,15.5,V,704,USNOA1,CCD,systematic_bias,2.0
75,101955,1999 RQ36,,1999-09-14 10:04:22.944000+00:00,31.159095555555552,-24.912884444444447,15.8,V,704,USNOA1,CCD,systematic_bias,2.0
76,101955,1999 RQ36,,1999-09-14 10:22:46.272000+00:00,31.189595555555552,-24.899664444444447,15.9,V,704,USNOA1,CCD,systematic_bias,2.0
77,101955,1999 RQ36,C89272,1999-09-14 12:14:20.544000+00:00,31.461725555555553,-24.737884444444447,15.2,R,467,USNOA2,CCD,systematic_bias,2.0
78,101955,1999 RQ36,C89272,1999-09-14 12:15:04.608000+00:00,31.463015555555554,-24.737474444444445,15.1,R,467,USNOA2,CCD,systematic_bias,2.0
79,101955,1999 RQ36,C89272,1999-09-14 12:15:48.672000+00:00,31.464305555555555,-24.736944444444447,15.1,R,467,USNOA2,CCD,systematic_bias,2.0
80,101955,1999 RQ36,C89272,1999-09-14 12:16:32.736000+00:00,31.465555555555554,-24.736504444444446,15.0,R,467,USNOA2,CCD,systematic_bias,2.0
81,101955,1999 RQ36,C89272,1999-09-14 12:28:21.216000+00:00,31.486475555555554,-24.728614444444446,15.3,R,467,USNOA2,CCD,systematic_bias,2.0
82,101955,1999 RQ36,J99R36Q,1999-09-14 14:52:39.360000+00:00,31.766055555555553,-24.631054444444445,,,413,UNK,CCD,systematic_bias,2.0
83,101955,1999 RQ36,J99R36Q,1999-09-14 14:54:05.760000+00:00,31.768555555555555,-24.630054444444447,15.1,R,413,UNK,CCD,systematic_bias,2.0
84,101955,1999 RQ36,J99R36Q,1999-09-14 17:12:18.432000+00:00,32.002385555555556,-24.531164444444446,15.1,R,428,GSC,CCD,systematic_bias,2.0
85,101955,1999 RQ36,J99R36Q,1999-09-14 17:14:27.168000+00:00,32.006185555555554,-24.529414444444445,15.2,R,428,GSC,CCD,systematic_bias,2.0
86,101955,1999 RQ36,J99R36Q,1999-09-14 17:16:35.040000+00:00,32.009975555555556,-24.527664444444447,15.1,R,428,GSC,CCD,systematic_bias,2.0
87,101955,1999 RQ36,J99R36Q,1999-09-14 17:18:42.912000+00:00,32.013595555555554,-24.526054444444448,15.1,R,428,GSC,CCD,systematic_bias,2.0
88,101955,1999 RQ36,J99R36Q,1999-09-15 01:19:26.688000+00:00,33.045725555555556,-24.218524444444448,,,118,USNOA2,CCD,systematic_bias,2.0
89,101955,1999 RQ36,J99R36Q,1999-09-15 01:22:07.392000+00:00,33.050845555555554,-24.216304444444447,,,118,USNOA2,CCD,systematic_bias,2.0
90,101955,1999 RQ36,J99R36Q,1999-09-15 01:23:38.976000+00:00,33.05388555555556,-24.215024444444445,15.2,R,118,USNOA2,CCD,systematic_bias,2.0
91,101955,1999 RQ36,,1999-09-15 01:53:54.240000+00:00,33.115135555555554,-24.189914444444447,14.6,R,046,USNOSA2,CCD,systematic_bias,2.0
92,101955,1999 RQ36,,1999-09-15 01:55:42.240000+00:00,33.11859555555556,-24.188414444444447,,,046,USNOSA2,CCD,systematic_bias,2.0
93,101955,1999 RQ36,,1999-09-15 01:56:43.584000+00:00,33.12059555555556,-24.187584444444447,,,046,USNOSA2,CCD,systematic_bias,2.0
94,101955,1999 RQ36,,1999-09-15 01:57:44.064000+00:00,33.12255555555556,-24.186664444444446,,,046,USNOSA2,CCD,systematic_bias,2.0
95,101955,1999 RQ36,J99R36Q,1999-09-15 02:44:51.936000+00:00,33.28301555555556,-24.071664444444448,15.5,V,859,GSC,CCD,systematic_bias,2.0
96,101955,1999 RQ36,J99R36Q,1999-09-15 02:47:43.872000+00:00,33.288555555555554,-24.069444444444446,15.3,V,859,GSC,CCD,systematic_bias,2.0
97,101955,1999 RQ36,J99R36Q,1999-09-15 02:51:50.112000+00:00,33.29638555555556,-24.066334444444447,15.4,V,859,GSC,CCD,systematic_bias,2.0
98,101955,1999 RQ36,J99R36Q,1999-09-15 02:54:54.144000+00:00,33.30242555555556,-24.064004444444446,15.4,V,859,GSC,CCD,systematic_bias,2.0
99,101955,1999 RQ36,J99R36Q,1999-09-15 02:58:01.632000+00:00,33.30847555555556,-24.061554444444447,15.0,V,859,GSC,CCD,systematic_bias,2.0
100,101955,1999 RQ36,J99R36Q,1999-09-15 03:01:30.720000+00:00,33.31522555555556,-24.058804444444448,15.3,V,859,GSC,CCD,systematic_bias,2.0
101,101955,1999 RQ36,J99R36Q,1999-09-15 09:18:43.200000+00:00,34.13955555555556,-23.796474444444446,15.1,R,848,UNK,CCD,systematic_bias,2.0
102,101955,1999 RQ36,J99R36Q,1999-09-15 09:19:40.224000+00:00,34.14147555555556,-23.795664444444448,15.0,R,848,UNK,CCD,systematic_bias,2.0
103,101955,1999 RQ36,J99R36Q,1999-09-15 09:20:38.112000+00:00,34.14330555555556,-23.794804444444445,15.0,R,848,UNK,CCD,systematic_bias,2.0
104,101955,1999 RQ36,,1999-09-16 01:23:25.152000+00:00,36.48755555555556,-22.834524444444448,,,046,USNOSA2,CCD,systematic_bias,2.0
105,101955,1999 RQ36,,1999-09-16 01:25:34.752000+00:00,36.49267555555556,-22.832274444444447,,,046,USNOSA2,CCD,systematic_bias,2.0
106,101955,1999 RQ36,,1999-09-16 01:26:31.776000+00:00,36.494885555555555,-22.831274444444446,,,046,USNOSA2,CCD,systematic_bias,2.0
107,101955,1999 RQ36,,1999-09-16 01:27:20.160000+00:00,36.496675555555555,-22.830304444444447,13.9,R,046,USNOSA2,CCD,systematic_bias,2.0
108,101955,1999 RQ36,J99R36Q,1999-09-16 03:11:41.568000+00:00,36.74355555555556,-22.711834444444445,,,595,UNK,CCD,systematic_bias,2.0
109,101955,1999 RQ36,J99R36Q,1999-09-16 03:13:54.624000+00:00,36.74876555555556,-22.709224444444445,,,595,UNK,CCD,systematic_bias,2.0
110,101955,1999 RQ36,J99R36Q,1999-09-16 03:16:12.864000+00:00,36.75434555555556,-22.706504444444445,,,595,UNK,CCD,systematic_bias,2.0
111,101955,1999 RQ36,J99R36Q,1999-09-16 03:19:42.816000+00:00,36.76276555555556,-22.702414444444447,14.3,V,595,UNK,CCD,systematic_bias,2.0
112,101955,1999 RQ36,J99R36Q,1999-09-16 08:54:27.360000+00:00,37.73088555555556,-22.310054444444447,13.9,R,848,UNK,CCD,systematic_bias,2.0
113,101955,1999 RQ36,J99R36Q,1999-09-16 08:55:09.696000+00:00,37.73267555555556,-22.309274444444448,13.9,R,848,UNK,CCD,systematic_bias,2.0
114,101955,1999 RQ36,J99R36Q,1999-09-16 08:55:52.896000+00:00,37.734475555555555,-22.308444444444447,14.0,R,848,UNK,CCD,systematic_bias,2.0
115,101955,1999 RQ36,J99R36Q,1999-09-16 13:22:09.120000+00:00,38.51517555555556,-21.881274444444447,14.8,R,428,GSC,CCD,systematic_bias,2.0
116,101955,1999 RQ36,J99R36Q,1999-09-16 13:23:27.744000+00:00,38.518475555555554,-21.879864444444447,14.7,R,428,GSC,CCD,systematic_bias,2.0
117,101955,1999 RQ36,J99R36Q,1999-09-16 13:24:41.184000+00:00,38.52184555555556,-21.878274444444447,14.8,R,428,GSC,CCD,systematic_bias,2.0
118,101955,1999 RQ36,,1999-09-17 18:30:25.632000+00:00,44.168845555555556,-19.200364444444446,15.0,V,322,GSC,CCD,systematic_bias,2.0
119,101955,1999 RQ36,,1999-09-17 19:00:17.568000+00:00,44.267225555555555,-19.145914444444447,15.4,V,322,GSC,CCD,systematic_bias,2.0
120,101955,1999 RQ36,,1999-09-17 19:03:49.248000+00:00,44.27872555555556,-19.139614444444447,14.9,V,322,GSC,CCD,systematic_bias,2.0
121,101955,1999 RQ36,,1999-09-17 19:27:51.264000+00:00,44.357975555555555,-19.095274444444446,15.3,V,322,GSC,CCD,systematic_bias,2.0
122,101955,1999 RQ36,,1999-09-17 19:34:12.288000+00:00,44.37876555555556,-19.083554444444445,14.8,V,322,GSC,CCD,systematic_bias,2.0
123,101955,1999 RQ36,,1999-09-17 20:00:55.008000+00:00,44.467305555555555,-19.033444444444445,14.4,V,322,GSC,CCD,systematic_bias,2.0
124,101955,1999 RQ36,J99R36Q,1999-09-18 15:23:50.784000+00:00,49.25492555555556,-16.571194444444448,14.5,R,428,GSC,CCD,systematic_bias,2.0
125,101955,1999 RQ36,J99R36Q,1999-09-18 15:24:55.584000+00:00,49.25938555555556,-16.568664444444448,14.5,R,428,GSC,CCD,systematic_bias,2.0
126,101955,1999 RQ36,J99R36Q,1999-09-18 15:25:49.152000+00:00,49.262885555555556,-16.566614444444447,14.6,R,428,GSC,CCD,systematic_bias,2.0
127,101955,1999 RQ36,J99R36Q,1999-09-18 15:26:46.176000+00:00,49.266845555555555,-16.564334444444444,14.6,R,428,GSC,CCD,systematic_bias,2.0
128,101955,1999 RQ36,J99R36Q,1999-09-19 02:09:56.736000+00:00,52.307135555555554,-14.914804444444444,14.8,V,859,GSC,CCD,systematic_bias,2.0
129,101955,1999 RQ36,J99R36Q,1999-09-19 02:12:17.568000+00:00,52.31822555555556,-14.908634444444445,14.7,V,859,GSC,CCD,systematic_bias,2.0
130,101955,1999 RQ36,J99R36Q,1999-09-19 02:18:54.144000+00:00,52.348685555555555,-14.891384444444444,15.0,V,859,GSC,CCD,systematic_bias,2.0
131,101955,1999 RQ36,J99R36Q,1999-09-19 02:23:35.808000+00:00,52.37047555555556,-14.879024444444445,15.3,V,859,GSC,CCD,systematic_bias,2.0
132,101955,1999 RQ36,J99R36Q,1999-09-19 02:27:47.232000+00:00,52.390095555555554,-14.867614444444444,14.9,V,859,GSC,CCD,systematic_bias,2.0
133,101955,1999 RQ36,J99R36Q,1999-09-19 02:29:19.680000+00:00,52.39709555555556,-14.863664444444444,14.9,V,859,GSC,CCD,systematic_bias,2.0
134,101955,1999 RQ36,J99R36Q,1999-09-19 02:35:21.696000+00:00,52.425135555555556,-14.847694444444445,15.2,V,859,GSC,CCD,systematic_bias,2.0
135,101955,1999 RQ36,J99R36Q,1999-09-19 02:37:40.800000+00:00,52.435765555555555,-14.841614444444444,14.9,V,859,GSC,CCD,systematic_bias,2.0
136,101955,1999 RQ36,J99R36Q,1999-09-19 02:40:45.696000+00:00,52.44988555555556,-14.833504444444443,14.9,V,859,GSC,CCD,systematic_bias,2.0
137,101955,1999 RQ36,J99R36Q,1999-09-19 02:43:04.800000+00:00,52.460345555555556,-14.827304444444444,15.2,V,859,GSC,CCD,systematic_bias,2.0
138,101955,1999 RQ36,J99R36Q,1999-09-19 21:10:21.216000+00:00,58.183435555555555,-11.522334444444445,14.5,R,327,UNK,CCD,systematic_bias,2.0
139,101955,1999 RQ36,J99R36Q,1999-09-19 21:13:35.616000+00:00,58.200475555555556,-11.511024444444445,14.5,R,327,UNK,CCD,systematic_bias,2.0
140,101955,1999 RQ36,J99R36Q,1999-09-19 21:17:23.712000+00:00,58.220305555555555,-11.497884444444445,14.4,R,327,UNK,CCD,systematic_bias,2.0
141,101955,1999 RQ36,J99R36Q,1999-09-20 00:12:23.904000+00:00,59.29622555555556,-10.893114444444445,,,121,GSC,CCD,systematic_bias,2.0
142,101955,1999 RQ36,J99R36Q,1999-09-20 00:13:53.760000+00:00,59.304475555555555,-10.887774444444444,,,121,GSC,CCD,systematic_bias,2.0
143,101955,1999 RQ36,J99R36Q,1999-09-20 00:15:23.616000+00:00,59.31272555555556,-10.882474444444444,,,121,GSC,CCD,systematic_bias,2.0
144,101955,1999 RQ36,J99R36Q,1999-09-20 00:18:24.192000+00:00,59.329185555555554,-10.871774444444444,,,121,GSC,CCD,systematic_bias,2.0
145,101955,1999 RQ36,,1999-09-20 01:04:31.584000+00:00,59.61759555555556,-10.703054444444444,,,046,USNOSA2,CCD,systematic_bias,2.0
146,101955,1999 RQ36,,1999-09-20 01:11:52.224000+00:00,59.658765555555554,-10.676944444444445,,,046,USNOSA2,CCD,systematic_bias,2.0
147,101955,1999 RQ36,,1999-09-20 01:13:34.176000+00:00,59.667765555555555,-10.670774444444444,14.0,R,046,USNOSA2,CCD,systematic_bias,2.0
148,101955,1999 RQ36,,1999-09-20 01:14:30.336000+00:00,59.67272555555556,-10.667554444444445,,,046,USNOSA2,CCD,systematic_bias,2.0
149,101955,1999 RQ36,,1999-09-20 01:15:25.632000+00:00,59.67809555555556,-10.664054444444444,,,046,USNOSA2,CCD,systematic_bias,2.0
150,101955,1999 RQ36,,1999-09-20 01:16:24.384000+00:00,59.68380555555556,-10.660254444444444,,,046,USNOSA2,CCD,systematic_bias,2.0
151,101955,1999 RQ36,J99R36Q,1999-09-20 02:45:33.408000+00:00,60.28922555555556,-10.181754444444444,15.3,V,859,GSC,CCD,systematic_bias,2.0
152,101955,1999 RQ36,J99R36Q,1999-09-20 03:15:17.568000+00:00,60.45968555555556,-10.073864444444444,14.7,V,859,GSC,CCD,systematic_bias,2.0
153,101955,1999 RQ36,J99R36Q,1999-09-20 03:39:19.584000+00:00,60.596265555555554,-9.986114444444445,15.3,V,859,GSC,CCD,systematic_bias,2.0
154,101955,1999 RQ36,J99R36Q,1999-09-20 03:57:50.688000+00:00,60.70088555555556,-9.918164444444445,15.6,V,859,GSC,CCD,systematic_bias,2.0
155,101955,1999 RQ36,J99R36Q,1999-09-20 04:10:52.608000+00:00,60.774345555555556,-9.869944444444444,14.6,V,859,GSC,CCD,systematic_bias,2.0
156,101955,1999 RQ36,J99R36Q,1999-09-20 04:37:57.792000+00:00,60.926635555555556,-9.769474444444445,15.6,V,859,GSC,CCD,systematic_bias,2.0
157,101955,1999 RQ36,J99R36Q,1999-09-20 05:26:20.832000+00:00,61.19763555555556,-9.587914444444444,14.5,V,859,GSC,CCD,systematic_bias,2.0
158,101955,1999 RQ36,J99R36Q,1999-09-20 06:00:06.048000+00:00,61.38630555555556,-9.459724444444443,15.4,V,859,GSC,CCD,systematic_bias,2.0
159,101955,1999 RQ36,J99R36Q,1999-09-20 06:26:11.616000+00:00,61.53205555555556,-9.359864444444444,15.7,V,859,GSC,CCD,systematic_bias,2.0
160,101955,1999 RQ36,J99R36Q,1999-09-20 07:12:23.328000+00:00,61.79080555555556,-9.181084444444444,15.6,V,859,GSC,CCD,systematic_bias,2.0
161,101955,1999 RQ36,J99R36Q,1999-09-20 07:53:15.360000+00:00,62.02097555555556,-9.020944444444444,14.6,V,859,GSC,CCD,systematic_bias,2.0
162,101955,1999 RQ36,J99R36Q,1999-09-20 23:30:44.352000+00:00,68.30493555555555,-5.194194444444444,,,121,UNK,CCD,systematic_bias,2.0
163,101955,1999 RQ36,J99R36Q,1999-09-20 23:32:15.072000+00:00,68.31505555555555,-5.187334444444445,,,121,UNK,CCD,systematic_bias,2.0
164,101955,1999 RQ36,J99R36Q,1999-09-20 23:33:37.152000+00:00,68.32426555555556,-5.181084444444444,,,121,UNK,CCD,systematic_bias,2.0
165,101955,1999 RQ36,J99R36Q,1999-09-20 23:36:03.168000+00:00,68.34038555555556,-5.1700244444444445,,,121,UNK,CCD,systematic_bias,2.0
166,101955,1999 RQ36,J99R36Q,1999-09-20 23:59:26.304000+00:00,68.49609555555556,-5.063584444444444,,,121,UNK,CCD,systematic_bias,2.0
167,101955,1999 RQ36,J99R36Q,1999-09-21 00:00:37.152000+00:00,68.50401555555555,-5.058254444444445,,,121,UNK,CCD,systematic_bias,2.0
168,101955,1999 RQ36,J99R36Q,1999-09-21 00:01:48.864000+00:00,68.51197555555555,-5.052724444444444,,,121,UNK,CCD,systematic_bias,2.0
169,101955,1999 RQ36,J99R36Q,1999-09-21 15:48:10.944000+00:00,75.53705555555555,-0.24561444444444444,15.0,R,428,GSC,CCD,systematic_bias,2.0
170,101955,1999 RQ36,J99R36Q,1999-09-21 15:49:03.648000+00:00,75.54355555555556,-0.24102444444444443,14.9,R,428,GSC,CCD,systematic_bias,2.0
171,101955,1999 RQ36,J99R36Q,1999-09-21 15:49:58.944000+00:00,75.55030555555555,-0.23625444444444443,15.0,R,428,GSC,CCD,systematic_bias,2.0
172,101955,1999 RQ36,J99R36Q,1999-09-21 15:50:48.192000+00:00,75.55626555555556,-0.23205444444444445,14.9,R,428,GSC,CCD,systematic_bias,2.0
173,101955,1999 RQ36,J99R36Q,1999-09-22 01:29:01.248000+00:00,80.06197555555555,2.6056355555555557,14.6,V,121,GSC,CCD,systematic_bias,2.0
174,101955,1999 RQ36,J99R36Q,1999-09-22 01:30:03.456000+00:00,80.06976555555555,2.6110855555555554,,,121,GSC,CCD,systematic_bias,2.0
175,101955,1999 RQ36,J99R36Q,1999-09-22 01:57:20.736000+00:00,80.27847555555554,2.7573355555555557,14.9,V,121,GSC,CCD,systematic_bias,2.0
176,101955,1999 RQ36,J99R36Q,1999-09-22 01:58:30.720000+00:00,80.28742555555554,2.7636155555555555,,,121,GSC,CCD,systematic_bias,2.0
177,101955,1999 RQ36,J99R36Q,1999-09-22 10:17:59.424000+00:00,84.45834555555555,5.469885555555556,15.1,R,848,UNK,CCD,systematic_bias,2.0
178,101955,1999 RQ36,J99R36Q,1999-09-22 10:19:04.224000+00:00,84.46713555555554,5.475915555555556,15.4,R,848,UNK,CCD,systematic_bias,2.0
179,101955,1999 RQ36,J99R36Q,1999-09-22 10:20:10.752000+00:00,84.47601555555555,5.481975555555556,15.4,R,848,UNK,CCD,systematic_bias,2.0
180,101955,1999 RQ36,J99R36Q,1999-09-22 10:21:16.416000+00:00,84.48476555555555,5.487915555555555,15.3,R,848,UNK,CCD,systematic_bias,2.0
181,101955,1999 RQ36,J99R36Q,1999-09-22 10:23:25.152000+00:00,84.50209555555556,5.499865555555556,15.5,R,848,UNK,CCD,systematic_bias,2.0
182,101955,1999 RQ36,J99R36Q,1999-09-22 10:24:32.544000+00:00,84.51101555555555,5.505865555555555,15.5,R,848,UNK,CCD,systematic_bias,2.0
183,101955,1999 RQ36,J99R36Q,1999-09-22 10:25:38.208000+00:00,84.51972555555555,5.511885555555556,15.2,R,848,UNK,CCD,systematic_bias,2.0
184,101955,1999 RQ36,J99R36Q,1999-09-22 10:26:44.736000+00:00,84.52842555555554,5.517805555555555,15.4,R,848,UNK,CCD,systematic_bias,2.0
185,101955,1999 RQ36,J99R36Q,1999-09-22 10:31:05.664000+00:00,84.56351555555555,5.541695555555556,15.4,R,848,UNK,CCD,systematic_bias,2.0
186,101955,1999 RQ36,J99R36Q,1999-09-23 10:57:38.880000+00:00,97.01697555555555,13.308115555555556,15.5,R,848,UNK,CCD,systematic_bias,2.0
187,101955,1999 RQ36,J99R36Q,1999-09-23 11:23:31.488000+00:00,97.22884555555555,13.439915555555556,14.8,R,848,UNK,CCD,systematic_bias,2.0
188,101955,1999 RQ36,J99R36Q,1999-09-23 11:36:20.448000+00:00,97.33343555555555,13.505135555555556,15.1,R,848,UNK,CCD,systematic_bias,2.0
189,101955,1999 RQ36,J99R36Q,1999-09-23 11:43:50.592000+00:00,97.39447555555554,13.543165555555555,15.0,R,848,UNK,CCD,systematic_bias,2.0
190,101955,1999 RQ36,J99R36Q,1999-09-23 11:58:17.184000+00:00,97.51180555555555,13.616195555555556,15.3,R,848,UNK,CCD,systematic_bias,2.0
191,101955,1999 RQ36,J99R36Q,1999-09-23 12:11:06.144000+00:00,97.61563555555556,13.680945555555555,15.6,R,848,UNK,CCD,systematic_bias,2.0
192,101955,1999 RQ36,J99R36Q,1999-09-23 18:20:38.976000+00:00,100.74826555555555,15.662385555555556,15.2,R,428,GSC,CCD,systematic_bias,2.0
193,101955,1999 RQ36,J99R36Q,1999-09-24 18:32:38.688000+00:00,112.52613555555556,21.680555555555554,15.5,R,428,GSC,CCD,systematic_bias,2.0
194,101955,1999 RQ36,J99R36Q,1999-12-29 15:39:24.768000+00:00,207.00838555555558,5.332305555555556,,,568,UNK,CCD,systematic_bias,2.0
195,101955,1999 RQ36,J99R36Q,1999-12-29 15:43:49.152000+00:00,207.00968555555556,5.331135555555556,,,568,UNK,CCD,systematic_bias,2.0
196,101955,1999 RQ36,J99R36Q,1999-12-30 15:28:15.168000+00:00,207.46280555555558,4.9586355555555555,,,568,UNK,CCD,systematic_bias,2.0
197,101955,1999 RQ36,J99R36Q,1999-12-30 15:31:39.936000+00:00,207.46384555555557,4.957775555555556,,,568,UNK,CCD,systematic_bias,2.0
198,101955,1999 RQ36,J99R36Q,2000-03-30 09:22:01.056000+00:00,215.98813555555557,-21.444334444444447,18.2,R,695,UNK,CCD,systematic_bias,2.0
199,101955,1999 RQ36,J99R36Q,2000-03-30 09:26:00.384000+00:00,215.98613555555556,-21.444724444444446,18.2,R,695,UNK,CCD,systematic_bias,2.0
200,101955,1999 RQ36,J99R36Q,2000-03-30 09:29:47.616000+00:00,215.98426555555557,-21.445114444444446,18.1,R,695,UNK,CCD,systematic_bias,2.0
201,101955,1999 RQ36,J99R36Q,2000-03-30 09:33:58.176000+00:00,215.98205555555558,-21.445504444444445,18.1,R,695,UNK,CCD,systematic_bias,2.0
202,101955,1999 RQ36,J99R36Q,2000-03-30 09:56:09.600000+00:00,215.97076555555557,-21.447634444444446,,,695,UNK,CCD,systematic_bias,2.0
203,101955,1999 RQ36,J99R36Q,2000-03-30 10:00:12.384000+00:00,215.96859555555557,-21.448004444444447,18.1,R,695,UNK,CCD,systematic_bias,2.0
204,101955,1999 RQ36,J99R36Q,2000-03-30 10:03:50.112000+00:00,215.96684555555555,-21.448364444444447,18.1,R,695,UNK,CCD,systematic_bias,2.0
205,101955,1999 RQ36,J99R36Q,2000-03-30 10:07:26.976000+00:00,215.96505555555555,-21.448694444444445,18.2,R,695,UNK,CCD,systematic_bias,2.0
206,101955,1999 RQ36,J99R36Q,2000-03-30 10:11:19.392000+00:00,215.96301555555556,-21.449084444444445,18.0,R,695,UNK,CCD,systematic_bias,2.0
207,101955,1999 RQ36,J99R36Q,2000-03-30 10:31:09.984000+00:00,215.95288555555555,-21.450944444444445,18.1,R,695,UNK,CCD,systematic_bias,2.0
208,101955,1999 RQ36,J99R36Q,2000-03-30 10:34:26.112000+00:00,215.95122555555557,-21.451254444444444,18.0,R,695,UNK,CCD,systematic_bias,2.0
209,101955,1999 RQ36,,2000-04-06 05:47:28.320000+00:00,210.94055555555556,-22.153554444444445,19.0,R,709,USNOSA1,CCD,systematic_bias,2.0
210,101955,1999 RQ36,,2000-04-06 05:50:21.120000+00:00,210.93893555555556,-22.153864444444444,19.0,R,709,USNOSA1,CCD,systematic_bias,2.0
211,101955,1999 RQ36,,2000-04-06 05:52:22.080000+00:00,210.93743555555557,-22.153974444444447,18.9,R,709,USNOSA1,CCD,systematic_bias,2.0
212,101955,1999 RQ36,,2000-04-06 05:55:23.520000+00:00,210.93593555555557,-22.154114444444446,18.7,R,709,USNOSA1,CCD,systematic_bias,2.0
213,101955,1999 RQ36,,2000-04-06 05:58:24.960000+00:00,210.93438555555556,-22.154164444444447,19.0,R,709,USNOSA1,CCD,systematic_bias,2.0
214,101955,1999 RQ36,,2000-04-06 06:00:25.920000+00:00,210.93301555555556,-22.154384444444446,19.0,R,709,USNOSA1,CCD,systematic_bias,2.0
215,101955,1999 RQ36,,2000-04-06 06:03:27.360000+00:00,210.93130555555555,-22.154504444444445,19.0,R,709,USNOSA1,CCD,systematic_bias,2.0
216,101955,1999 RQ36,,2000-04-06 06:06:28.800000+00:00,210.92980555555556,-22.154664444444446,18.9,R,709,USNOSA1,CCD,systematic_bias,2.0
217,101955,1999 RQ36,J99R36Q,2005-06-30 12:22:30.432000+00:00,346.96167555555553,-25.036224444444446,,,F65,USNOA2,CCD,systematic_bias,2.0
218,101955,1999 RQ36,J99R36Q,2005-06-30 12:24:10.656000+00:00,346.96230555555553,-25.036254444444445,,,F65,USNOA2,CCD,systematic_bias,2.0
219,101955,1999 RQ36,J99R36Q,2005-06-30 12:25:45.696000+00:00,346.9628055555555,-25.036114444444447,,,F65,USNOA2,CCD,systematic_bias,2.0
220,101955,1999 RQ36,J99R36Q,2005-06-30 12:27:20.736000+00:00,346.9635955555555,-25.035884444444445,,,F65,USNOA2,CCD,systematic_bias,2.0
221,101955,1999 RQ36,5P58DC7,2005-08-08 15:59:25.728000+00:00,7.598925555555556,-24.458884444444447,18.5,V,E12,UCAC2,CCD,systematic_bias,2.0
222,101955,1999 RQ36,5P58DC7,2005-08-08 16:18:27.936000+00:00,7.605555555555556,-24.458634444444446,18.6,V,E12,UCAC2,CCD,systematic_bias,2.0
223,101955,1999 RQ36,5P58DC7,2005-08-08 16:36:47.808000+00:00,7.611685555555556,-24.458304444444448,18.7,V,E12,UCAC2,CCD,systematic_bias,2.0
224,101955,1999 RQ36,5P58DC7,2005-08-08 16:55:20.640000+00:00,7.6176755555555555,-24.457914444444445,18.6,V,E12,UCAC2,CCD,systematic_bias,2.0
225,101955,1999 RQ36,J99R36Q,2005-08-15 16:40:14.304000+00:00,11.710935555555556,-24.124114444444444,18.2,V,428,UCAC2,CCD,systematic_bias,2.0
226,101955,1999 RQ36,J99R36Q,2005-08-15 16:43:50.304000+00:00,11.712265555555556,-24.123914444444445,18.3,V,428,UCAC2,CCD,systematic_bias,2.0
227,101955,1999 RQ36,J99R36Q,2005-08-15 16:47:26.304000+00:00,11.713595555555555,-24.123754444444447,18.1,V,428,UCAC2,CCD,systematic_bias,2.0
228,101955,1999 RQ36,5Q5AD7F,2005-08-27 18:20:18.240000+00:00,20.793095555555553,-22.275194444444445,17.1,V,E12,UCAC2,CCD,systematic_bias,2.0
229,101955,1999 RQ36,5Q5AD7F,2005-08-27 18:36:08.640000+00:00,20.801935555555556,-22.272024444444448,17.1,V,E12,UCAC2,CCD,systematic_bias,2.0
230,101955,1999 RQ36,5Q5AD7F,2005-08-27 18:52:23.232000+00:00,20.811385555555553,-22.268724444444445,17.1,V,E12,UCAC2,CCD,systematic_bias,2.0
231,101955,1999 RQ36,5Q5AD7F,2005-08-27 19:08:19.680000+00:00,20.820385555555553,-22.265364444444447,17.3,V,E12,UCAC2,CCD,systematic_bias,2.0
232,101955,1999 RQ36,J99R36Q,2005-09-04 01:28:19.776000+00:00,29.404635555555554,-19.187724444444445,16.8,R,157,UCAC2,CCD,systematic_bias,2.0
233,101955,1999 RQ36,J99R36Q,2005-09-04 01:29:49.632000+00:00,29.406015555555555,-19.186914444444447,16.8,R,157,UCAC2,CCD,systematic_bias,2.0
234,101955,1999 RQ36,J99R36Q,2005-09-04 01:31:20.352000+00:00,29.407515555555555,-19.186384444444446,17.0,R,157,UCAC2,CCD,systematic_bias,2.0
235,101955,1999 RQ36,J99R36Q,2005-09-04 01:32:50.208000+00:00,29.408675555555554,-19.185474444444445,16.3,R,157,UCAC2,CCD,systematic_bias,2.0
236,101955,,J99R36Q,2005-09-10 00:03:59.328000+00:00,40.812555555555555,-13.499274444444444,,,084,UCAC2,CCD,systematic_bias,2.0
237,101955,,J99R36Q,2005-09-10 00:05:26.592000+00:00,40.814925555555554,-13.497634444444444,,,084,UCAC2,CCD,systematic_bias,2.0
238,101955,,A1955,2005-09-12 13:57:12.096000+00:00,48.08043555555556,-9.184584444444445,15.8,R,608,USNOA2,CCD,systematic_bias,2.0
239,101955,,A1955,2005-09-12 14:12:48.672000+00:00,48.111805555555556,-9.163194444444445,16.0,R,608,USNOA2,CCD,systematic_bias,2.0
240,101955,,A1955,2005-09-12 15:11:57.984000+00:00,48.23047555555556,-9.081414444444444,15.4,R,608,USNOA2,CCD,systematic_bias,2.0
241,101955,1999 RQ36,5R3FACA,2005-09-13 08:50:34.944000+00:00,50.72768555555556,-7.553944444444444,15.7,V,703,UCAC2,CCD,systematic_bias,2.0
242,101955,1999 RQ36,5R3FACA,2005-09-13 09:03:34.272000+00:00,50.756635555555555,-7.534334444444444,15.8,V,703,UCAC2,CCD,systematic_bias,2.0
243,101955,1999 RQ36,5R3FACA,2005-09-13 09:16:30.144000+00:00,50.78559555555556,-7.514774444444444,15.8,V,703,UCAC2,CCD,systematic_bias,2.0
244,101955,1999 RQ36,5R3FACA,2005-09-13 09:29:25.152000+00:00,50.81438555555556,-7.495274444444444,15.7,V,703,UCAC2,CCD,systematic_bias,2.0
245,101955,1999 RQ36,J99R36Q,2005-09-14 17:34:05.664000+00:00,55.78151555555556,-4.294634444444444,16.0,V,379,UCAC2,CCD,systematic_bias,2.0
246,101955,1999 RQ36,J99R36Q,2005-09-14 17:37:43.392000+00:00,55.790845555555556,-4.288164444444444,16.2,V,379,UCAC2,CCD,systematic_bias,2.0
247,101955,1999 RQ36,J99R36Q,2005-09-14 17:38:55.968000+00:00,55.79393555555556,-4.285944444444445,16.2,V,379,UCAC2,CCD,systematic_bias,2.0
248,101955,1999 RQ36,J99R36Q,2005-09-14 17:40:07.680000+00:00,55.79701555555556,-4.2838344444444445,16.0,V,379,UCAC2,CCD,systematic_bias,2.0
249,101955,1999 RQ36,J99R36Q,2005-09-14 17:43:27.264000+00:00,55.80551555555556,-4.277884444444444,16.0,V,379,UCAC2,CCD,systematic_bias,2.0
250,101955,1999 RQ36,J99R36Q,2005-09-14 17:49:30.144000+00:00,55.820885555555556,-4.266974444444444,15.7,V,379,UCAC2,CCD,systematic_bias,2.0
251,101955,1999 RQ36,J99R36Q,2005-09-14 17:50:41.856000+00:00,55.823885555555556,-4.264774444444444,15.7,V,379,UCAC2,CCD,systematic_bias,2.0
252,101955,1999 RQ36,J99R36Q,2005-09-14 17:57:32.256000+00:00,55.84151555555556,-4.252524444444444,16.3,V,379,UCAC2,CCD,systematic_bias,2.0
253,101955,1999 RQ36,J99R36Q,2005-09-14 17:59:57.408000+00:00,55.84768555555556,-4.248224444444444,16.1,V,379,UCAC2,CCD,systematic_bias,2.0
254,101955,1999 RQ36,J99R36Q,2005-09-14 18:01:09.984000+00:00,55.85080555555556,-4.2460844444444446,16.1,V,379,UCAC2,CCD,systematic_bias,2.0
255,101955,1999 RQ36,79H063,2005-09-17 09:25:00.768000+00:00,67.81513555555556,3.6705555555555556,15.8,R,699,USNOA2,CCD,systematic_bias,2.0
256,101955,1999 RQ36,79H063,2005-09-17 10:15:30.816000+00:00,67.98297555555556,3.7888355555555555,,,699,USNOA2,CCD,systematic_bias,2.0
257,101955,1999 RQ36,79H063,2005-09-17 10:54:47.808000+00:00,68.11301555555555,3.8809155555555557,,,699,USNOA2,CCD,systematic_bias,2.0
258,101955,,J99R36Q,2005-09-17 22:55:49.152000+00:00,70.72513555555555,5.569555555555556,,,084,UCAC2,CCD,systematic_bias,2.0
259,101955,,J99R36Q,2005-09-17 22:56:25.440000+00:00,70.72726555555555,5.571055555555556,,,084,UCAC2,CCD,systematic_bias,2.0
260,101955,,J99R36Q,2005-09-17 22:57:00.864000+00:00,70.72938555555555,5.572415555555556,,,084,UCAC2,CCD,systematic_bias,2.0
261,101955,,J99R36Q,2005-09-23 01:13:25.536000+00:00,101.01797555555555,22.688165555555553,,,084,UCAC2,CCD,systematic_bias,2.0
262,101955,,J99R36Q,2005-09-23 01:14:01.824000+00:00,101.02034555555555,22.689275555555554,,,084,UCAC2,CCD,systematic_bias,2.0
263,101955,,J99R36Q,2005-09-23 01:16:59.808000+00:00,101.03276555555556,22.695025555555553,,,084,UCAC2,CCD,systematic_bias,2.0
264,101955,,J99R36Q,2005-09-23 01:17:43.008000+00:00,101.03559555555555,22.696385555555555,,,084,UCAC2,CCD,systematic_bias,2.0
265,101955,,J99R36Q,2005-09-23 01:18:54.720000+00:00,101.04063555555555,22.698695555555553,,,084,UCAC2,CCD,systematic_bias,2.0
266,101955,,G11p1q,2006-02-02 12:06:06.336000+00:00,222.25984555555556,-7.969664444444445,21.4,V,691,USNOA2,CCD,systematic_bias,2.0
267,101955,,G11p1q,2006-02-02 12:24:04.608000+00:00,222.26380555555556,-7.973584444444445,21.3,V,691,USNOA2,CCD,systematic_bias,2.0
268,101955,,G11p1q,2006-02-02 12:42:03.744000+00:00,222.26776555555557,-7.977584444444444,20.8,V,691,USNOA2,CCD,systematic_bias,2.0
269,101955,,6F0996E,2006-03-24 09:41:28.320000+00:00,224.16547555555556,-21.892114444444445,19.5,V,703,UCAC2,CCD,systematic_bias,2.0
270,101955,,6F0996E,2006-03-24 09:47:45.024000+00:00,224.16338555555558,-21.893194444444447,19.7,V,703,UCAC2,CCD,systematic_bias,2.0
271,101955,,6F0996E,2006-03-24 09:54:07.776000+00:00,224.16130555555557,-21.894364444444445,19.7,V,703,UCAC2,CCD,systematic_bias,2.0
272,101955,,6F0996E,2006-03-24 10:00:32.256000+00:00,224.15872555555558,-21.895384444444446,19.6,V,703,UCAC2,CCD,systematic_bias,2.0
273,101955,,KT5JHD1,2006-04-21 06:55:19.488000+00:00,204.75692555555557,-24.430114444444445,19.0,R,644,USNOB1,CCD,systematic_bias,2.0
274,101955,,KT5JHD1,2006-04-21 07:27:13.248000+00:00,204.73913555555558,-24.428774444444446,18.5,R,644,USNOB1,CCD,systematic_bias,2.0
275,101955,,KT5JHD1,2006-04-21 07:57:35.424000+00:00,204.72247555555558,-24.427444444444447,18.6,R,644,USNOB1,CCD,systematic_bias,2.0
276,101955,,6H617CA,2006-04-29 14:06:25.920000+00:00,199.09630555555557,-23.616584444444445,19.1,V,E12,UCAC2,CCD,systematic_bias,2.0
277,101955,,6H617CA,2006-04-29 14:19:20.928000+00:00,199.09030555555557,-23.615524444444446,18.7,V,E12,UCAC2,CCD,systematic_bias,2.0
278,101955,,6H617CA,2006-04-29 14:32:16.800000+00:00,199.08488555555556,-23.614524444444445,18.3,V,E12,UCAC2,CCD,systematic_bias,2.0
279,101955,,6H617CA,2006-04-29 14:45:15.264000+00:00,199.07888555555556,-23.613254444444447,19.0,V,E12,UCAC2,CCD,systematic_bias,2.0
280,101955,,A1955,2006-04-30 04:40:46.272000+00:00,198.74093555555555,-23.549414444444444,,,290,USNOB1,CCD,systematic_bias,2.0
281,101955,,A1955,2006-04-30 04:48:05.184000+00:00,198.73776555555557,-23.548804444444446,,,290,USNOB1,CCD,systematic_bias,2.0
282,101955,,A1955,2006-04-30 05:33:17.280000+00:00,198.71801555555555,-23.545084444444445,,,290,USNOB1,CCD,systematic_bias,2.0
283,101955,,A1955,2006-04-30 06:36:44.064000+00:00,198.69018555555556,-23.539554444444445,18.9,R,290,USNOB1,CCD,systematic_bias,2.0
284,101955,,A1955,2006-05-22 05:55:45.984000+00:00,191.54618555555555,-20.902024444444447,,,693,USNOB1,CCD,systematic_bias,2.0
285,101955,,A1955,2006-05-22 06:03:03.168000+00:00,191.54568555555556,-20.901664444444446,,,693,USNOB1,CCD,systematic_bias,2.0
286,101955,,A1955,2006-05-22 06:10:21.216000+00:00,191.54505555555556,-20.901224444444445,,,693,USNOB1,CCD,systematic_bias,2.0
287,101955,,A1955,2006-05-22 06:17:38.400000+00:00,191.54451555555556,-20.900664444444445,,,693,USNOB1,CCD,systematic_bias,2.0
288,101955,,A1955,2006-05-22 06:24:55.584000+00:00,191.54401555555557,-20.900114444444448,20.5,R,693,USNOB1,CCD,systematic_bias,2.0
289,101955,,A1955,2006-05-26 04:25:25.248000+00:00,191.35955555555557,-20.591334444444445,,,693,USNOB1,CCD,systematic_bias,2.0
290,101955,,A1955,2006-05-26 04:32:43.296000+00:00,191.35922555555555,-20.591114444444447,,,693,USNOB1,CCD,systematic_bias,2.0
291,101955,,A1955,2006-05-26 04:40:01.344000+00:00,191.35897555555556,-20.590884444444445,,,693,USNOB1,CCD,systematic_bias,2.0
292,101955,,A1955,2006-05-26 04:47:19.392000+00:00,191.35876555555558,-20.590304444444445,20.8,R,693,USNOB1,CCD,systematic_bias,2.0
293,101955,,A1955,2011-08-13 03:53:55.680000+00:00,35.22109555555556,-1.1618844444444443,19.0,R,950,USNOB1,CCD,systematic_bias,2.0
294,101955,,A1955,2011-08-13 03:55:28.992000+00:00,35.222345555555556,-1.1613344444444444,19.1,R,950,USNOB1,CCD,systematic_bias,2.0
295,101955,,A1955,2011-08-13 03:57:02.304000+00:00,35.223555555555556,-1.1605244444444442,19.0,R,950,USNOB1,CCD,systematic_bias,2.0
296,101955,,A1955,2011-08-13 03:59:10.176000+00:00,35.22513555555556,-1.1598044444444444,19.0,R,950,USNOB1,CCD,systematic_bias,2.0
297,101955,,A1955,2011-08-13 04:00:21.024000+00:00,35.226055555555554,-1.1593044444444442,18.9,R,950,USNOB1,CCD,systematic_bias,2.0
298,101955,,A1955,2011-08-13 04:01:24.960000+00:00,35.22680555555556,-1.1588644444444443,19.0,R,950,USNOB1,CCD,systematic_bias,2.0
299,101955,,A1955,2011-08-13 04:02:28.032000+00:00,35.22776555555556,-1.1585044444444443,18.9,R,950,USNOB1,CCD,systematic_bias,2.0
300,101955,,A1955,2011-08-13 04:03:30.240000+00:00,35.22842555555556,-1.1580844444444442,19.0,R,950,USNOB1,CCD,systematic_bias,2.0
301,101955,,A1955,2011-08-13 04:04:37.632000+00:00,35.229345555555554,-1.1575544444444443,19.1,R,950,USNOB1,CCD,systematic_bias,2.0
302,101955,,A1955,2011-08-13 04:05:33.792000+00:00,35.230225555555556,-1.1572244444444444,19.2,R,950,USNOB1,CCD,systematic_bias,2.0
303,101955,,A1955,2011-08-13 04:06:30.816000+00:00,35.230805555555555,-1.1567744444444443,19.2,R,950,USNOB1,CCD,systematic_bias,2.0
304,101955,,A1955,2011-08-13 04:07:50.304000+00:00,35.23184555555556,-1.1562744444444444,18.8,R,950,USNOB1,CCD,systematic_bias,2.0
305,101955,,A1955,2011-08-13 04:09:53.856000+00:00,35.233515555555556,-1.1553844444444443,18.9,R,950,USNOB1,CCD,systematic_bias,2.0
306,101955,,A1955,2011-08-13 04:25:01.920000+00:00,35.245175555555555,-1.1492544444444444,18.9,R,950,USNOB1,CCD,systematic_bias,2.0
307,101955,,A1955,2011-08-13 04:26:18.816000+00:00,35.246185555555556,-1.1486644444444443,18.8,R,950,USNOB1,CCD,systematic_bias,2.0
308,101955,,A1955,2011-08-13 04:27:14.976000+00:00,35.24693555555556,-1.1483344444444443,18.9,R,950,USNOB1,CCD,systematic_bias,2.0
309,101955,,A1955,2011-08-13 04:28:12+00:00,35.24755555555556,-1.1479444444444444,19.2,R,950,USNOB1,CCD,systematic_bias,2.0
310,101955,,A1955,2011-08-13 04:30:19.008000+00:00,35.24934555555556,-1.1471644444444444,19.0,R,950,USNOB1,CCD,systematic_bias,2.0
311,101955,,A1955,2011-08-13 04:31:16.032000+00:00,35.24997555555556,-1.1466944444444445,19.3,R,950,USNOB1,CCD,systematic_bias,2.0
312,101955,,A1955,2011-08-13 04:32:13.056000+00:00,35.25080555555556,-1.1463044444444443,19.1,R,950,USNOB1,CCD,systematic_bias,2.0
313,101955,,A1955,2011-08-13 04:33:23.904000+00:00,35.25163555555556,-1.1458344444444444,18.9,R,950,USNOB1,CCD,systematic_bias,2.0
314,101955,,A1955,2011-08-13 04:34:20.928000+00:00,35.25243555555556,-1.1454444444444443,19.1,R,950,USNOB1,CCD,systematic_bias,2.0
315,101955,,A1955,2011-08-13 04:35:17.088000+00:00,35.253055555555555,-1.1450244444444444,18.8,R,950,USNOB1,CCD,systematic_bias,2.0
316,101955,,A1955,2011-08-13 04:36:35.712000+00:00,35.254175555555555,-1.1445044444444443,19.0,R,950,USNOB1,CCD,systematic_bias,2.0
317,101955,,A1955,2011-08-13 04:37:32.736000+00:00,35.254845555555555,-1.1441644444444443,19.0,R,950,USNOB1,CCD,systematic_bias,2.0
318,101955,,A1955,2011-08-13 04:38:28.896000+00:00,35.255515555555554,-1.1437544444444443,19.2,R,950,USNOB1,CCD,systematic_bias,2.0
319,101955,,A1955,2011-08-13 04:39:33.696000+00:00,35.256345555555555,-1.1432744444444443,18.9,R,950,USNOB1,CCD,systematic_bias,2.0
320,101955,,A1955,2011-08-13 04:40:30.720000+00:00,35.25713555555556,-1.1429144444444443,19.3,R,950,USNOB1,CCD,systematic_bias,2.0
321,101955,,A1955,2011-08-13 04:41:27.744000+00:00,35.25780555555556,-1.1425544444444444,19.2,R,950,USNOB1,CCD,systematic_bias,2.0
322,101955,,A1955,2011-08-13 04:42:34.272000+00:00,35.258765555555556,-1.1420844444444445,19.2,R,950,USNOB1,CCD,systematic_bias,2.0
323,101955,,A1955,2011-08-13 04:43:31.296000+00:00,35.25947555555556,-1.1416644444444444,19.3,R,950,USNOB1,CCD,systematic_bias,2.0
324,101955,,A1955,2011-08-13 04:44:28.320000+00:00,35.260175555555556,-1.1413044444444445,19.2,R,950,USNOB1,CCD,systematic_bias,2.0
325,101955,,A1955,2011-08-13 04:45:33.120000+00:00,35.26097555555556,-1.1409144444444443,19.1,R,950,USNOB1,CCD,systematic_bias,2.0
326,101955,,A1955,2011-08-30 01:17:57.696000+00:00,58.848975555555555,10.961865555555555,19.1,R,950,USNOB1,CCD,systematic_bias,2.0
327,101955,,A1955,2011-08-30 01:24:05.760000+00:00,58.856095555555555,10.965415555555555,19.1,R,950,USNOB1,CCD,systematic_bias,2.0
328,101955,,A1955,2011-08-30 01:31:48+00:00,58.86497555555556,10.969885555555555,19.0,R,950,USNOB1,CCD,systematic_bias,2.0
329,101955,,A1955,2011-08-30 01:39:37.152000+00:00,58.87392555555556,10.974445555555556,19.1,R,950,USNOB1,CCD,systematic_bias,2.0
330,101955,,A1955,2011-08-30 01:48:19.872000+00:00,58.883805555555554,10.979495555555555,19.1,R,950,USNOB1,CCD,systematic_bias,2.0
331,101955,,A1955,2011-08-30 01:56:54.816000+00:00,58.89359555555556,10.984475555555555,19.3,R,950,USNOB1,CCD,systematic_bias,2.0
332,101955,,A1955,2011-08-30 02:06:29.376000+00:00,58.90447555555556,10.990025555555556,19.5,R,950,USNOB1,CCD,systematic_bias,2.0
333,101955,,A1955,2011-08-30 02:14:08.160000+00:00,58.913225555555556,10.994495555555556,19.3,R,950,USNOB1,CCD,systematic_bias,2.0
334,101955,,A1955,2011-08-30 02:21:40.896000+00:00,58.921725555555554,10.998885555555555,19.1,R,950,USNOB1,CCD,systematic_bias,2.0
335,101955,,A1955,2011-08-30 02:29:37.824000+00:00,58.930725555555554,11.003585555555556,19.1,R,950,USNOB1,CCD,systematic_bias,2.0
336,101955,,A1955,2011-08-30 02:36:25.632000+00:00,58.938515555555554,11.007415555555555,19.3,R,950,USNOB1,CCD,systematic_bias,2.0
337,101955,,A1955,2011-08-30 02:44:06.144000+00:00,58.947225555555555,11.011865555555556,19.1,R,950,USNOB1,CCD,systematic_bias,2.0
338,101955,,A1955,2011-08-30 02:52:43.680000+00:00,58.95688555555556,11.016865555555556,19.3,R,950,USNOB1,CCD,systematic_bias,2.0
339,101955,,A1955,2011-08-30 02:59:21.984000+00:00,58.96434555555556,11.020695555555555,19.3,R,950,USNOB1,CCD,systematic_bias,2.0
340,101955,,A1955,2011-08-30 03:06:26.208000+00:00,58.972385555555555,11.024835555555555,19.0,R,950,USNOB1,CCD,systematic_bias,2.0
341,101955,,A1955,2011-08-30 03:13:54.624000+00:00,58.98072555555556,11.029115555555556,19.1,R,950,USNOB1,CCD,systematic_bias,2.0
342,101955,,A1955,2011-08-30 03:19:34.176000+00:00,58.98705555555556,11.032385555555555,19.4,R,950,USNOB1,CCD,systematic_bias,2.0
343,101955,,A1955,2011-08-30 03:29:38.976000+00:00,58.99851555555556,11.038275555555556,19.0,R,950,USNOB1,CCD,systematic_bias,2.0
344,101955,,A1955,2011-08-30 03:35:38.400000+00:00,59.005225555555555,11.041745555555556,19.1,R,950,USNOB1,CCD,systematic_bias,2.0
345,101955,,A1955,2011-08-30 03:42:14.112000+00:00,59.01268555555556,11.045555555555556,19.0,R,950,USNOB1,CCD,systematic_bias,2.0
346,101955,,A1955,2011-08-30 03:48:49.824000+00:00,59.02009555555556,11.049365555555555,19.1,R,950,USNOB1,CCD,systematic_bias,2.0
347,101955,,A1955,2011-08-30 03:56:36.384000+00:00,59.02876555555556,11.053835555555557,19.2,R,950,USNOB1,CCD,systematic_bias,2.0
348,101955,,A1955,2011-08-30 04:02:15.072000+00:00,59.03509555555556,11.057085555555556,19.3,R,950,USNOB1,CCD,systematic_bias,2.0
349,101955,,A1955,2011-08-30 04:08:51.648000+00:00,59.04243555555556,11.060885555555556,19.2,R,950,USNOB1,CCD,systematic_bias,2.0
350,101955,,A1955,2011-08-30 04:16:30.432000+00:00,59.05101555555556,11.065365555555555,19.1,R,950,USNOB1,CCD,systematic_bias,2.0
351,101955,,A1955,2011-08-30 04:23:07.008000+00:00,59.05838555555556,11.069135555555556,19.1,R,950,USNOB1,CCD,systematic_bias,2.0
352,101955,,A1955,2011-09-12 09:40:51.168000+00:00,83.80205555555555,21.593475555555553,20.3,V,H21,USNOB1,CCD,systematic_bias,2.0
353,101955,,A1955,2011-09-12 09:50:43.008000+00:00,83.81547555555555,21.598195555555552,20.7,V,H21,USNOB1,CCD,systematic_bias,2.0
354,101955,,A1955,2011-09-12 09:57:57.600000+00:00,83.82542555555555,21.601665555555552,20.4,V,H21,USNOB1,CCD,systematic_bias,2.0
355,101955,,A1955,2011-09-14 03:43:12+00:00,87.38767555555555,22.768975555555553,19.4,R,950,USNOB1,CCD,systematic_bias,2.0
356,101955,,A1955,2011-09-14 03:46:18.624000+00:00,87.39197555555555,22.770415555555555,19.4,R,950,USNOB1,CCD,systematic_bias,2.0
357,101955,,A1955,2011-09-14 03:49:25.248000+00:00,87.39638555555555,22.771865555555554,19.4,R,950,USNOB1,CCD,systematic_bias,2.0
358,101955,,A1955,2011-09-14 03:54:11.232000+00:00,87.40297555555556,22.774055555555552,19.4,R,950,USNOB1,CCD,systematic_bias,2.0
359,101955,,A1955,2011-09-14 03:58:09.696000+00:00,87.40851555555555,22.775915555555553,19.3,R,950,USNOB1,CCD,systematic_bias,2.0
360,101955,,A1955,2011-09-14 04:01:52.608000+00:00,87.41368555555555,22.777635555555555,19.2,R,950,USNOB1,CCD,systematic_bias,2.0
361,101955,,A1955,2011-09-14 04:04:59.232000+00:00,87.41801555555556,22.779085555555554,19.2,R,950,USNOB1,CCD,systematic_bias,2.0
362,101955,,A1955,2011-09-14 04:08:05.856000+00:00,87.42230555555555,22.780495555555554,19.2,R,950,USNOB1,CCD,systematic_bias,2.0
363,101955,,A1955,2011-09-14 04:11:11.616000+00:00,87.42663555555555,22.781945555555552,19.0,R,950,USNOB1,CCD,systematic_bias,2.0
364,101955,,A1955,2011-09-14 04:14:19.104000+00:00,87.43092555555555,22.783385555555554,18.8,R,950,USNOB1,CCD,systematic_bias,2.0
365,101955,,A1955,2011-09-14 04:18:16.704000+00:00,87.43651555555554,22.785275555555554,19.1,R,950,USNOB1,CCD,systematic_bias,2.0
366,101955,,A1955,2011-09-14 04:21:23.328000+00:00,87.44080555555556,22.786585555555554,19.2,R,950,USNOB1,CCD,systematic_bias,2.0
367,101955,,A1955,2011-09-14 04:24:29.088000+00:00,87.44509555555555,22.788115555555553,19.5,R,950,USNOB1,CCD,systematic_bias,2.0
368,101955,,A1955,2011-09-14 04:28:22.368000+00:00,87.45042555555555,22.789865555555554,19.2,R,950,USNOB1,CCD,systematic_bias,2.0
369,101955,,A1955,2011-09-14 04:32:14.784000+00:00,87.45584555555556,22.791695555555552,19.3,R,950,USNOB1,CCD,systematic_bias,2.0
370,101955,,A1955,2011-09-14 04:35:31.776000+00:00,87.46038555555555,22.793135555555555,19.4,R,950,USNOB1,CCD,systematic_bias,2.0
371,101955,,A1955,2011-09-14 04:39:25.056000+00:00,87.46580555555555,22.794995555555555,19.5,R,950,USNOB1,CCD,systematic_bias,2.0
372,101955,,A1955,2011-09-14 04:42:30.816000+00:00,87.47005555555555,22.796415555555555,19.4,R,950,USNOB1,CCD,systematic_bias,2.0
373,101955,,A1955,2011-09-14 04:46:24.960000+00:00,87.47551555555555,22.798225555555554,19.4,R,950,USNOB1,CCD,systematic_bias,2.0
374,101955,,A1955,2011-09-14 04:50:58.848000+00:00,87.48184555555555,22.800275555555555,19.4,R,950,USNOB1,CCD,systematic_bias,2.0
375,101955,,A1955,2011-09-14 05:00:08.352000+00:00,87.49442555555555,22.804525555555553,19.2,R,950,USNOB1,CCD,systematic_bias,2.0
376,101955,,A1955,2011-09-14 05:04:10.272000+00:00,87.50001555555555,22.806365555555555,19.2,R,950,USNOB1,CCD,systematic_bias,2.0
377,101955,,A1955,2011-09-14 05:08:02.688000+00:00,87.50538555555555,22.808165555555554,19.1,R,950,USNOB1,CCD,systematic_bias,2.0
378,101955,,A1955,2011-09-14 05:11:26.592000+00:00,87.51009555555555,22.809725555555556,19.0,R,950,USNOB1,CCD,systematic_bias,2.0
379,101955,,A1955,2011-09-14 05:14:10.752000+00:00,87.51380555555555,22.810945555555556,18.8,R,950,USNOB1,CCD,systematic_bias,2.0
380,101955,,A1955,2011-09-14 05:18:03.168000+00:00,87.51918555555555,22.812805555555553,19.0,R,950,USNOB1,CCD,systematic_bias,2.0
381,101955,,A1955,2011-09-14 05:21:09.792000+00:00,87.52334555555555,22.814135555555556,18.8,R,950,USNOB1,CCD,systematic_bias,2.0
382,101955,,A1955,2011-09-14 05:24:24.192000+00:00,87.52801555555556,22.815665555555555,19.5,R,950,USNOB1,CCD,systematic_bias,2.0
383,101955,,A1955,2011-09-14 05:27:44.640000+00:00,87.53267555555556,22.817165555555555,19.0,R,950,USNOB1,CCD,systematic_bias,2.0
384,101955,,A1955,2011-09-23 10:08:44.736000+00:00,106.40068555555555,27.289245555555553,20.1,R,H01,UCAC3,CCD,systematic_bias,2.0
385,101955,,A1955,2011-09-23 10:26:44.736000+00:00,106.42522555555556,27.293585555555556,20.2,R,H01,UCAC3,CCD,systematic_bias,2.0
386,101955,,A1955,2011-09-23 10:43:19.200000+00:00,106.44767555555555,27.297555555555554,20.2,R,H01,UCAC3,CCD,systematic_bias,2.0
387,101955,,A1955,2011-09-23 10:58:53.184000+00:00,106.46876555555555,27.301275555555552,20.3,R,H01,UCAC3,CCD,systematic_bias,2.0
388,101955,,A1955,2011-09-25 11:51:52.704000+00:00,110.49955555555555,27.880245555555554,20.5,R,H01,UCAC3,CCD,systematic_bias,2.0
389,101955,,A1955,2011-09-25 12:02:42.432000+00:00,110.51376555555555,27.882275555555555,20.4,R,H01,UCAC3,CCD,systematic_bias,2.0
390,101955,,A1955,2011-09-25 12:07:11.136000+00:00,110.51963555555555,27.883085555555553,20.3,R,H01,UCAC3,CCD,systematic_bias,2.0
391,101955,,A1955,2011-09-25 12:12:15.264000+00:00,110.52638555555555,27.884025555555553,20.5,R,H01,UCAC3,CCD,systematic_bias,2.0
392,101955,,P101sUk,2011-09-25 13:42:07.488000+00:00,110.65350155555555,27.900538555555553,20.9,w,F51,2MASS,CCD,systematic_bias,2.0
393,101955,,P101sUk,2011-09-25 13:55:31.872000+00:00,110.67134755555556,27.903055555555554,21.1,w,F51,2MASS,CCD,systematic_bias,2.0
394,101955,,P101sUk,2011-09-25 14:02:19.680000+00:00,110.68015955555555,27.904344555555554,21.3,w,F51,2MASS,CCD,systematic_bias,2.0
395,101955,,A1955,2011-09-26 09:54:20.736000+00:00,112.28909555555555,28.091615555555553,20.5,R,H01,UCAC3,CCD,systematic_bias,2.0
396,101955,,A1955,2011-09-26 10:59:52.800000+00:00,112.37522555555555,28.102615555555555,20.3,R,H01,UCAC3,CCD,systematic_bias,2.0
397,101955,,A1955,2011-09-26 11:21:30.528000+00:00,112.40334555555555,28.106195555555555,20.6,R,H01,UCAC3,CCD,systematic_bias,2.0
398,101955,,A1955,2011-09-29 10:24:25.632000+00:00,117.99547555555554,28.596525555555555,20.3,R,H01,USNOB1,CCD,systematic_bias,2.0
399,101955,,A1955,2011-09-29 10:50:28.608000+00:00,118.02813555555555,28.599165555555555,20.4,R,H01,USNOB1,CCD,systematic_bias,2.0
400,101955,,A1955,2011-09-29 11:18:36+00:00,118.06326555555555,28.601915555555554,20.3,R,H01,USNOB1,CCD,systematic_bias,2.0
401,101955,,A1955,2011-09-29 11:51:56.160000+00:00,118.10476555555555,28.605115555555553,20.8,R,H01,USNOB1,CCD,systematic_bias,2.0
402,101955,,A1955,2011-10-01 11:03:56.448000+00:00,121.66672555555554,28.777085555555555,20.8,R,H01,USNOB1,CCD,systematic_bias,2.0
403,101955,,A1955,2011-10-01 11:20:08.448000+00:00,121.68626555555555,28.777995555555552,20.8,R,H01,USNOB1,CCD,systematic_bias,2.0
404,101955,,A1955,2011-10-01 11:42:44.064000+00:00,121.71338555555555,28.779245555555555,20.5,R,H01,USNOB1,CCD,systematic_bias,2.0
405,101955,,A1955,2011-11-05 04:05:43.296000+00:00,165.88330555555555,20.999695555555554,20.9,R,950,USNOB1,CCD,systematic_bias,2.0
406,101955,,A1955,2011-11-05 04:07:35.616000+00:00,165.88459555555556,20.999245555555554,20.5,R,950,USNOB1,CCD,systematic_bias,2.0
407,101955,,A1955,2011-11-05 04:09:40.032000+00:00,165.88572555555555,20.998695555555553,21.3,R,950,USNOB1,CCD,systematic_bias,2.0
408,101955,,A1955,2011-11-05 04:12:30.240000+00:00,165.88763555555556,20.998025555555554,21.5,R,950,USNOB1,CCD,systematic_bias,2.0
409,101955,,A1955,2011-11-05 04:14:51.936000+00:00,165.88909555555557,20.997445555555554,21.1,R,950,USNOB1,CCD,systematic_bias,2.0
410,101955,,A1955,2011-11-05 04:19:24.096000+00:00,165.89201555555556,20.996385555555555,21.5,R,950,USNOB1,CCD,systematic_bias,2.0
411,101955,,A1955,2011-11-05 04:21:45.792000+00:00,165.89343555555556,20.995725555555556,21.3,R,950,USNOB1,CCD,systematic_bias,2.0
412,101955,,A1955,2011-11-05 04:24:09.216000+00:00,165.89492555555557,20.995195555555554,21.2,R,950,USNOB1,CCD,systematic_bias,2.0
413,101955,,A1955,2011-11-05 04:26:30.912000+00:00,165.89642555555557,20.994585555555553,21.1,R,950,USNOB1,CCD,systematic_bias,2.0
414,101955,,A1955,2011-11-05 04:28:54.336000+00:00,165.89797555555558,20.993995555555554,21.1,R,950,USNOB1,CCD,systematic_bias,2.0
415,101955,,A1955,2011-11-05 04:31:28.992000+00:00,165.89951555555555,20.993385555555555,21.2,R,950,USNOB1,CCD,systematic_bias,2.0
416,101955,,A1955,2011-11-05 04:33:50.688000+00:00,165.90093555555558,20.992745555555555,21.2,R,950,USNOB1,CCD,systematic_bias,2.0
417,101955,,A1955,2011-11-05 04:36:13.248000+00:00,165.90243555555557,20.992225555555553,20.7,R,950,USNOB1,CCD,systematic_bias,2.0
418,101955,,A1955,2011-11-05 04:38:35.808000+00:00,165.90393555555556,20.991615555555555,21.3,R,950,USNOB1,CCD,systematic_bias,2.0
419,101955,,A1955,2011-11-05 04:40:58.368000+00:00,165.90543555555556,20.990995555555553,21.3,R,950,USNOB1,CCD,systematic_bias,2.0
420,101955,,A1955,2011-11-05 04:43:32.160000+00:00,165.90701555555557,20.990415555555554,20.7,R,950,USNOB1,CCD,systematic_bias,2.0
421,101955,,A1955,2011-11-05 04:45:53.856000+00:00,165.90847555555555,20.989865555555554,20.9,R,950,USNOB1,CCD,systematic_bias,2.0
422,101955,,A1955,2011-11-05 04:48:16.416000+00:00,165.90997555555558,20.989225555555553,21.2,R,950,USNOB1,CCD,systematic_bias,2.0
423,101955,,A1955,2011-11-05 04:50:38.976000+00:00,165.91147555555557,20.988615555555555,21.2,R,950,USNOB1,CCD,systematic_bias,2.0
424,101955,,A1955,2011-11-05 04:53:00.672000+00:00,165.91293555555558,20.988165555555554,21.3,R,950,USNOB1,CCD,systematic_bias,2.0
425,101955,,A1955,2011-11-05 04:55:32.736000+00:00,165.91443555555557,20.987415555555554,21.3,R,950,USNOB1,CCD,systematic_bias,2.0
426,101955,,A1955,2011-11-05 04:57:55.296000+00:00,165.91597555555558,20.986865555555553,21.4,R,950,USNOB1,CCD,systematic_bias,2.0
427,101955,,A1955,2011-11-05 05:00:17.856000+00:00,165.91738555555557,20.986225555555553,21.4,R,950,USNOB1,CCD,systematic_bias,2.0
428,101955,,A1955,2011-11-05 05:02:40.416000+00:00,165.91892555555557,20.985725555555554,21.2,R,950,USNOB1,CCD,systematic_bias,2.0
429,101955,,A1955,2011-11-05 05:05:02.976000+00:00,165.92034555555557,20.985115555555552,21.1,R,950,USNOB1,CCD,systematic_bias,2.0
430,101955,,A1955,2011-11-05 05:07:35.040000+00:00,165.92201555555556,20.984415555555554,21.3,R,950,USNOB1,CCD,systematic_bias,2.0
431,101955,,A1955,2011-11-05 05:09:57.600000+00:00,165.92343555555556,20.983945555555554,21.1,R,950,USNOB1,CCD,systematic_bias,2.0
432,101955,,A1955,2011-11-05 05:12:20.160000+00:00,165.92488555555556,20.983305555555553,21.3,R,950,USNOB1,CCD,systematic_bias,2.0
433,101955,,A1955,2011-11-05 05:14:42.720000+00:00,165.92626555555557,20.982835555555553,21.2,R,950,USNOB1,CCD,systematic_bias,2.0
434,101955,,A1955,2011-11-05 05:17:05.280000+00:00,165.92776555555557,20.982135555555555,21.3,R,950,USNOB1,CCD,systematic_bias,2.0
435,101955,,A1955,2011-11-05 05:19:38.208000+00:00,165.92938555555557,20.981495555555554,20.6,R,950,USNOB1,CCD,systematic_bias,2.0
436,101955,,A1955,2011-11-05 05:22:00.768000+00:00,165.93092555555558,20.980945555555554,21.1,R,950,USNOB1,CCD,systematic_bias,2.0
437,101955,,A1955,2011-11-05 05:24:23.328000+00:00,165.93222555555556,20.980385555555554,21.4,R,950,USNOB1,CCD,systematic_bias,2.0
438,101955,,A1955,2011-11-05 05:26:45.024000+00:00,165.93372555555555,20.979745555555553,21.3,R,950,USNOB1,CCD,systematic_bias,2.0
439,101955,,A1955,2011-11-05 05:29:07.584000+00:00,165.93522555555558,20.979165555555554,20.6,R,950,USNOB1,CCD,systematic_bias,2.0
440,101955,,A1955,2011-11-05 05:31:42.240000+00:00,165.93672555555557,20.978555555555555,21.1,R,950,USNOB1,CCD,systematic_bias,2.0
441,101955,,A1955,2011-11-05 05:34:03.936000+00:00,165.93826555555557,20.977975555555552,21.1,R,950,USNOB1,CCD,systematic_bias,2.0
442,101955,,A1955,2011-11-05 05:36:25.632000+00:00,165.93972555555555,20.977385555555554,21.1,R,950,USNOB1,CCD,systematic_bias,2.0
443,101955,,A1955,2011-11-05 05:38:49.056000+00:00,165.94113555555558,20.976775555555555,21.0,R,950,USNOB1,CCD,systematic_bias,2.0
444,101955,,A1955,2011-11-05 05:41:11.616000+00:00,165.94259555555556,20.976245555555554,21.6,R,950,USNOB1,CCD,systematic_bias,2.0
445,101955,,A1955,2011-11-05 05:43:42.816000+00:00,165.94418555555558,20.975585555555554,21.2,R,950,USNOB1,CCD,systematic_bias,2.0
446,101955,,A1955,2011-11-05 05:46:06.240000+00:00,165.94559555555557,20.975085555555555,21.0,R,950,USNOB1,CCD,systematic_bias,2.0
447,101955,,A1955,2011-11-05 05:48:27.936000+00:00,165.94718555555556,20.974385555555553,21.6,R,950,USNOB1,CCD,systematic_bias,2.0
448,101955,,A1955,2011-11-05 05:50:49.632000+00:00,165.94847555555558,20.973745555555553,21.1,R,950,USNOB1,CCD,systematic_bias,2.0
449,101955,,A1955,2011-11-05 05:53:13.056000+00:00,165.95001555555555,20.973245555555554,21.0,R,950,USNOB1,CCD,systematic_bias,2.0
450,101955,,A1955,2011-11-05 05:55:45.984000+00:00,165.95159555555557,20.972635555555552,21.3,R,950,USNOB1,CCD,systematic_bias,2.0
451,101955,,A1955,2011-11-05 05:58:09.408000+00:00,165.95301555555557,20.972055555555553,21.1,R,950,USNOB1,CCD,systematic_bias,2.0
452,101955,,A1955,2011-11-05 06:00:31.104000+00:00,165.95447555555558,20.971385555555553,21.1,R,950,USNOB1,CCD,systematic_bias,2.0
453,101955,,A1955,2011-11-05 06:02:52.800000+00:00,165.95593555555556,20.970835555555553,21.0,R,950,USNOB1,CCD,systematic_bias,2.0
454,101955,,A1955,2011-11-05 06:05:16.224000+00:00,165.95738555555556,20.970275555555553,21.6,R,950,USNOB1,CCD,systematic_bias,2.0
455,101955,,A1955,2011-11-23 11:22:56.928000+00:00,180.89909555555556,13.846585555555556,21.6,R,H01,USNOB1,CCD,systematic_bias,2.0
456,101955,,A1955,2011-11-23 11:30:56.448000+00:00,180.90322555555557,13.844365555555555,21.4,R,H01,USNOB1,CCD,systematic_bias,2.0
457,101955,,A1955,2011-11-23 11:43:41.952000+00:00,180.90972555555555,13.840835555555556,21.7,R,H01,USNOB1,CCD,systematic_bias,2.0
458,101955,,A1955,2011-11-23 11:53:27.744000+00:00,180.91459555555556,13.838165555555555,21.8,R,H01,USNOB1,CCD,systematic_bias,2.0
459,101955,,A1955,2011-11-27 11:35:25.152000+00:00,183.86030555555556,12.221835555555556,21.3,R,H01,USNOB1,CCD,systematic_bias,2.0
460,101955,,A1955,2011-11-27 11:54:30.816000+00:00,183.86959555555558,12.216555555555555,21.3,R,H01,USNOB1,CCD,systematic_bias,2.0
461,101955,,A1955,2011-11-27 12:05:23.136000+00:00,183.87492555555556,12.213555555555555,21.3,R,H01,USNOB1,CCD,systematic_bias,2.0
462,101955,,A1955,2011-11-27 12:17:49.632000+00:00,183.88101555555556,12.210085555555557,22.0,R,H01,USNOB1,CCD,systematic_bias,2.0
463,101955,,A1955,2012-01-29 11:57:46.944000+00:00,222.69776555555558,-11.020304444444445,21.4,R,H01,USNOB1,CCD,systematic_bias,2.0
464,101955,,A1955,2012-01-29 12:09:19.008000+00:00,222.70159555555557,-11.022834444444443,21.0,R,H01,USNOB1,CCD,systematic_bias,2.0
465,101955,,A1955,2012-01-29 12:27:50.112000+00:00,222.70784555555556,-11.026754444444444,21.5,R,H01,USNOB1,CCD,systematic_bias,2.0
466,101955,,A1955,2012-01-29 12:41:51.648000+00:00,222.71255555555555,-11.029774444444444,20.9,R,H01,USNOB1,CCD,systematic_bias,2.0
467,101955,,A1955,2012-01-30 11:22:20.640000+00:00,223.19226555555557,-11.320114444444444,21.2,R,H01,USNOB1,CCD,systematic_bias,2.0
468,101955,,A1955,2012-01-30 11:42:37.152000+00:00,223.19905555555556,-11.324444444444444,21.6,R,H01,USNOB1,CCD,systematic_bias,2.0
469,101955,,A1955,2012-01-30 12:22:02.784000+00:00,223.21222555555556,-11.332884444444444,21.2,R,H01,USNOB1,CCD,systematic_bias,2.0
470,101955,,A1955,2012-01-30 12:35:44.448000+00:00,223.21680555555557,-11.335834444444444,21.2,R,H01,USNOB1,CCD,systematic_bias,2.0
471,101955,,A1955,2012-02-25 11:35:18.240000+00:00,234.33168555555557,-18.753004444444446,20.7,R,H01,USNOB1,CCD,systematic_bias,2.0
472,101955,,A1955,2012-02-25 11:58:07.680000+00:00,234.33647555555555,-18.757304444444447,20.8,R,H01,USNOB1,CCD,systematic_bias,2.0
473,101955,,A1955,2012-02-25 12:08:39.264000+00:00,234.33867555555557,-18.759304444444446,20.8,R,H01,USNOB1,CCD,systematic_bias,2.0
474,101955,,A1955,2012-02-25 12:31:40.800000+00:00,234.34347555555556,-18.763634444444445,20.8,R,H01,USNOB1,CCD,systematic_bias,2.0
475,101955,,A1955,2012-03-05 09:42:48.672000+00:00,236.85709555555556,-21.141834444444445,20.7,R,H01,USNOB1,CCD,systematic_bias,2.0
476,101955,,A1955,2012-03-05 09:53:32.352000+00:00,236.85859555555555,-21.143834444444447,20.8,R,H01,USNOB1,CCD,systematic_bias,2.0
477,101955,,A1955,2012-03-05 10:21:45.792000+00:00,236.86263555555556,-21.149164444444445,20.8,R,H01,USNOB1,CCD,systematic_bias,2.0
478,101955,,A1955,2012-03-05 10:31:32.448000+00:00,236.86401555555557,-21.151004444444446,20.9,R,H01,USNOB1,CCD,systematic_bias,2.0
479,101955,,,2012-03-15 10:30:25.056000+00:00,238.49497555555556,-23.806274444444448,20.4,R,H01,USNOB1,CCD,systematic_bias,2.0
480,101955,,,2012-03-15 10:55:49.152000+00:00,238.49592555555557,-23.811024444444445,20.4,R,H01,USNOB1,CCD,systematic_bias,2.0
481,101955,,,2012-03-15 11:20:45.600000+00:00,238.49684555555555,-23.815614444444446,20.3,R,H01,USNOB1,CCD,systematic_bias,2.0
482,101955,,,2012-03-15 11:45:02.304000+00:00,238.49776555555556,-23.820084444444447,20.7,R,H01,USNOB1,CCD,systematic_bias,2.0
483,101955,,A1955,2012-03-17 11:20:26.592000+00:00,238.63468555555556,-24.345884444444447,20.3,R,H01,USNOB1,CCD,systematic_bias,2.0
484,101955,,A1955,2012-03-17 11:32:59.136000+00:00,238.63480555555557,-24.348194444444445,20.2,R,H01,USNOB1,CCD,systematic_bias,2.0
485,101955,,A1955,2012-03-17 11:43:22.944000+00:00,238.63493555555556,-24.350114444444447,20.2,R,H01,USNOB1,CCD,systematic_bias,2.0
486,101955,,A1955,2012-03-17 12:02:24.288000+00:00,238.63513555555556,-24.353584444444447,20.3,R,H01,USNOB1,CCD,systematic_bias,2.0
487,101955,,A1955,2012-03-22 10:02:00.384000+00:00,238.65913555555557,-25.653694444444447,20.3,R,H01,USNOB1,CCD,systematic_bias,2.0
488,101955,,A1955,2012-03-22 10:44:09.312000+00:00,238.65680555555556,-25.661474444444448,20.1,R,H01,USNOB1,CCD,systematic_bias,2.0
489,101955,,A1955,2012-03-22 11:12:14.976000+00:00,238.65563555555556,-25.666614444444445,20.2,V,G96,UCAC2,CCD,systematic_bias,2.0
490,101955,,A1955,2012-03-22 11:23:14.208000+00:00,238.65488555555555,-25.668614444444447,20.2,V,G96,UCAC2,CCD,systematic_bias,2.0
491,101955,,A1955,2012-03-22 11:45:06.624000+00:00,238.65367555555557,-25.672584444444446,20.2,V,G96,UCAC2,CCD,systematic_bias,2.0
492,101955,,A1955,2012-03-22 11:52:45.408000+00:00,238.65293555555556,-25.673944444444444,20.2,R,H01,USNOB1,CCD,systematic_bias,2.0
493,101955,,A1955,2012-03-23 10:05:50.208000+00:00,238.60434555555557,-25.917614444444446,20.2,R,H01,USNOB1,CCD,systematic_bias,2.0
494,101955,,A1955,2012-03-23 10:56:04.013000+00:00,238.60118855555555,-25.927044444444448,20.7,V,689,UCAC2,CCD,systematic_bias,2.0
495,101955,,A1955,2012-03-23 11:01:03.216000+00:00,238.60081355555556,-25.927966444444447,20.46,V,689,UCAC2,CCD,systematic_bias,2.0
496,101955,,A1955,2012-03-23 11:05:44.794000+00:00,238.60046855555555,-25.928822444444446,20.49,V,689,UCAC2,CCD,systematic_bias,2.0
497,101955,,A1955,2012-03-23 11:06:06.912000+00:00,238.60009555555555,-25.928664444444447,20.0,R,H01,USNOB1,CCD,systematic_bias,2.0
498,101955,,A1955,2012-03-23 11:09:31.421000+00:00,238.60018855555558,-25.929511444444447,20.53,V,689,UCAC2,CCD,systematic_bias,2.0
499,101955,,A1955,2012-03-23 11:14:00.643000+00:00,238.59990555555555,-25.930308444444446,20.52,V,689,UCAC2,CCD,systematic_bias,2.0
500,101955,,A1955,2012-03-23 11:17:43.642000+00:00,238.59958855555556,-25.930991444444444,20.41,V,689,UCAC2,CCD,systematic_bias,2.0
501,101955,,A1955,2012-03-23 11:21:25.085000+00:00,238.59936355555556,-25.931658444444444,20.65,V,689,UCAC2,CCD,systematic_bias,2.0
502,101955,,A1955,2012-03-23 11:25:02.035000+00:00,238.59908055555556,-25.932325444444444,20.53,V,689,UCAC2,CCD,systematic_bias,2.0
503,101955,,A1955,2012-03-23 11:28:39.590000+00:00,238.59886355555557,-25.932969444444446,20.58,V,689,UCAC2,CCD,systematic_bias,2.0
504,101955,,A1955,2012-03-23 11:56:30.912000+00:00,238.59651555555556,-25.937804444444446,20.0,R,H01,USNOB1,CCD,systematic_bias,2.0
505,101955,,A1955,2012-03-24 10:00:52.128000+00:00,238.52918555555556,-26.179254444444446,20.0,R,H01,USNOB1,CCD,systematic_bias,2.0
506,101955,,A1955,2012-03-24 10:36:56.448000+00:00,238.52643855555556,-26.186061444444444,20.68,V,689,UCAC2,CCD,systematic_bias,2.0
507,101955,,A1955,2012-03-24 10:40:30.374000+00:00,238.52614755555555,-26.186733444444446,20.57,V,689,UCAC2,CCD,systematic_bias,2.0
508,101955,,A1955,2012-03-24 10:44:04.042000+00:00,238.52586355555556,-26.187369444444446,20.57,V,689,UCAC2,CCD,systematic_bias,2.0
509,101955,,A1955,2012-03-24 11:22:47.424000+00:00,238.52218555555555,-26.194164444444446,20.0,R,H01,USNOB1,CCD,systematic_bias,2.0
510,101955,,A1955,2012-03-24 12:07:29.280000+00:00,238.51834555555556,-26.202224444444447,20.0,R,H01,USNOB1,CCD,systematic_bias,2.0
511,101955,,A1955,2012-03-25 09:59:16.224000+00:00,238.43234555555557,-26.440664444444447,20.1,R,H01,USNOB1,CCD,systematic_bias,2.0
512,101955,,A1955,2012-03-25 10:58:11.712000+00:00,238.42642555555557,-26.451414444444445,19.9,R,H01,USNOB1,CCD,systematic_bias,2.0
513,101955,,A1955,2012-03-25 11:18:22.694000+00:00,238.42482655555557,-26.455302444444445,20.04,V,689,UCAC2,CCD,systematic_bias,2.0
514,101955,,A1955,2012-03-25 11:21:55.930000+00:00,238.42435955555555,-26.455872444444445,20.02,V,689,UCAC2,CCD,systematic_bias,2.0
515,101955,,A1955,2012-03-25 11:53:38.112000+00:00,238.42080555555557,-26.461384444444445,20.3,R,H01,USNOB1,CCD,systematic_bias,2.0
516,101955,,A1955,2012-03-27 09:44:02.112000+00:00,238.17426555555556,-26.958134444444447,20.4,R,H01,USNOB1,CCD,systematic_bias,2.0
517,101955,,A1955,2012-03-27 10:30:58.752000+00:00,238.16813555555555,-26.966634444444445,20.3,R,H01,USNOB1,CCD,systematic_bias,2.0
518,101955,,A1955,2012-03-27 11:58:50.016000+00:00,238.15647555555557,-26.982254444444447,20.1,R,H01,USNOB1,CCD,systematic_bias,2.0
519,101955,,A1955,2012-03-28 09:05:28.320000+00:00,238.01622555555556,-27.209274444444446,20.0,R,H01,USNOB1,CCD,systematic_bias,2.0
520,101955,,A1955,2012-03-28 10:02:08.160000+00:00,238.00793555555558,-27.219554444444444,19.9,R,H01,USNOB1,CCD,systematic_bias,2.0
521,101955,,A1955,2012-03-28 11:57:47.808000+00:00,237.99068555555556,-27.240114444444448,19.9,R,H01,USNOB1,CCD,systematic_bias,2.0
522,101955,,A1955,2012-03-29 09:27:12.960000+00:00,237.82651555555557,-27.469774444444447,20.2,R,H01,USNOB1,CCD,systematic_bias,2.0
523,101955,,A1955,2012-03-29 10:16:57.216000+00:00,237.81830555555555,-27.478724444444445,20.0,R,H01,USNOB1,CCD,systematic_bias,2.0
524,101955,,A1955,2012-03-29 10:56:32.352000+00:00,237.81180555555557,-27.485754444444446,20.0,R,H01,USNOB1,CCD,systematic_bias,2.0
525,101955,,A1955,2012-04-18 07:06:50.688000+00:00,229.02597555555556,-31.674944444444446,19.0,R,H01,USNOB1,CCD,systematic_bias,2.0
526,101955,,A1955,2012-04-18 07:57:59.616000+00:00,229.00038555555557,-31.679944444444445,19.1,R,H01,USNOB1,CCD,systematic_bias,2.0
527,101955,,A1955,2012-04-18 09:07:46.560000+00:00,228.96530555555557,-31.686444444444447,19.1,R,H01,USNOB1,CCD,systematic_bias,2.0
528,101955,,A1955,2012-04-18 10:14:50.208000+00:00,228.93172555555557,-31.692364444444447,19.1,R,H01,USNOB1,CCD,systematic_bias,2.0
529,101955,,A1955,2012-04-21 07:08:38.688000+00:00,226.91567555555557,-32.02494444444444,18.6,R,H01,USNOB1,CCD,systematic_bias,2.0
530,101955,,A1955,2012-04-21 07:12:00+00:00,226.91238555555557,-32.02572444444444,19.7,R,H36,UCAC3,CCD,systematic_bias,2.0
531,101955,,A1955,2012-04-21 07:22:47.136000+00:00,226.90647555555557,-32.02636444444444,19.3,R,H36,UCAC3,CCD,systematic_bias,2.0
532,101955,,A1955,2012-04-21 08:04:35.328000+00:00,226.88559555555557,-32.028884444444444,18.6,R,H01,USNOB1,CCD,systematic_bias,2.0
533,101955,,A1955,2012-04-21 08:06:06.048000+00:00,226.88355555555557,-32.02919444444444,19.4,R,H36,UCAC3,CCD,systematic_bias,2.0
534,101955,,A1955,2012-04-21 09:05:53.376000+00:00,226.85259555555555,-32.03297444444444,18.6,R,H01,USNOB1,CCD,systematic_bias,2.0
535,101955,,A1955,2012-04-21 10:07:40.800000+00:00,226.81947555555556,-32.036834444444445,18.7,R,H01,USNOB1,CCD,systematic_bias,2.0
536,101955,,A1955,2012-04-22 07:09:59.904000+00:00,226.17847555555556,-32.11725444444444,19.4,R,H36,UCAC3,CCD,systematic_bias,2.0
537,101955,,A1955,2012-04-22 07:16:58.944000+00:00,226.17492555555557,-32.11761444444444,19.9,R,H36,UCAC3,CCD,systematic_bias,2.0
538,101955,,A1955,2012-04-22 07:29:12.480000+00:00,226.16947555555558,-32.118004444444445,18.8,R,H01,USNOB1,CCD,systematic_bias,2.0
539,101955,,A1955,2012-04-22 08:40:09.408000+00:00,226.13063555555556,-32.122194444444446,18.6,R,H01,USNOB1,CCD,systematic_bias,2.0
540,101955,,A1955,2012-04-22 09:21:12.672000+00:00,226.10817555555556,-32.12444444444444,18.7,R,H01,USNOB1,CCD,systematic_bias,2.0
541,101955,,A1955,2012-04-22 09:55:40.224000+00:00,226.08938555555557,-32.12627444444444,18.7,R,H01,USNOB1,CCD,systematic_bias,2.0
542,101955,,A1955,2012-04-23 07:27:04.608000+00:00,225.42193555555556,-32.19616444444444,18.1,R,H06,USNOB1,CCD,systematic_bias,2.0
543,101955,,A1955,2012-04-23 07:32:49.344000+00:00,225.41905555555556,-32.196664444444444,18.4,R,H06,USNOB1,CCD,systematic_bias,2.0
544,101955,,A1955,2012-04-29 16:34:37.344000+00:00,220.45622555555556,-32.37041444444444,18.7,V,E12,UCAC2,CCD,systematic_bias,2.0
545,101955,,A1955,2012-04-29 17:01:14.880000+00:00,220.44097555555555,-32.37002444444444,19.0,V,E12,UCAC2,CCD,systematic_bias,2.0
546,101955,,A1955,2012-05-03 02:42:24.192000+00:00,217.78830555555555,-32.242134444444446,18.7,R,821,UCAC3,CCD,systematic_bias,2.0
547,101955,,A1955,2012-05-03 02:46:36.480000+00:00,217.78593555555557,-32.241884444444445,18.9,R,821,UCAC3,CCD,systematic_bias,2.0
548,101955,,A1955,2012-05-03 02:52:56.640000+00:00,217.78234555555557,-32.24169444444444,18.9,R,821,UCAC3,CCD,systematic_bias,2.0
549,101955,,A1955,2012-06-14 04:34:26.112000+00:00,202.55488555555556,-26.247804444444448,20.5,R,H01,USNOB1,CCD,systematic_bias,2.0
550,101955,,A1955,2012-06-14 04:44:35.232000+00:00,202.55517555555556,-26.247114444444446,20.6,R,H01,USNOB1,CCD,systematic_bias,2.0
551,101955,,A1955,2012-06-14 04:59:34.656000+00:00,202.55563555555557,-26.246084444444445,20.6,R,H01,USNOB1,CCD,systematic_bias,2.0
552,101955,,A1955,2012-06-14 05:20:25.728000+00:00,202.55630555555555,-26.244634444444447,20.5,R,H01,USNOB1,CCD,systematic_bias,2.0
553,101955,,A1955,2012-06-15 04:55:06.816000+00:00,202.63376555555556,-26.156194444444445,20.6,R,H01,USNOB1,CCD,systematic_bias,2.0
554,101955,,A1955,2012-06-15 05:06:21.600000+00:00,202.63422555555556,-26.155444444444445,20.3,R,H01,USNOB1,CCD,systematic_bias,2.0
555,101955,,A1955,2012-06-15 05:15:10.368000+00:00,202.63459555555556,-26.154884444444445,20.2,R,H01,USNOB1,CCD,systematic_bias,2.0
556,101955,,A1955,2012-06-15 05:25:18.624000+00:00,202.63505555555557,-26.154224444444445,20.5,R,H01,USNOB1,CCD,systematic_bias,2.0
557,101955,,A1955,2012-06-21 04:31:12.576000+00:00,203.41184555555557,-25.720384444444445,20.8,R,H01,USNOB1,CCD,systematic_bias,2.0
558,101955,,A1955,2012-06-21 04:41:38.976000+00:00,203.41284555555558,-25.719944444444447,20.7,R,H01,USNOB1,CCD,systematic_bias,2.0
559,101955,,A1955,2012-06-21 04:51:29.952000+00:00,203.41388555555557,-25.719504444444446,20.7,R,H01,USNOB1,CCD,systematic_bias,2.0
560,101955,,A1955,2012-06-21 05:00:49.824000+00:00,203.41488555555557,-25.719084444444444,20.6,R,H01,USNOB1,CCD,systematic_bias,2.0
561,101955,,A1955,2013-01-19 01:51:21.312000+00:00,355.25438555555553,4.446225555555555,21.6,R,H01,PPMXL,CCD,systematic_bias,2.0
562,101955,,A1955,2013-01-19 02:02:44.736000+00:00,355.26201555555554,4.450275555555556,22.1,R,H01,PPMXL,CCD,systematic_bias,2.0
563,101955,,A1955,2013-01-19 02:12:21.024000+00:00,355.26847555555554,4.453775555555556,21.8,R,H01,PPMXL,CCD,systematic_bias,2.0
564,101955,,A1955,2013-01-19 02:22:38.784000+00:00,355.27534555555553,4.457445555555555,22.1,R,H01,PPMXL,CCD,systematic_bias,2.0
565,101955,,A1955,2013-01-20 01:47:59.136000+00:00,356.22792555555554,4.962245555555556,22.3,R,H01,PPMXL,CCD,systematic_bias,2.0
566,101955,,A1955,2013-01-20 02:00:31.680000+00:00,356.23634555555554,4.966695555555556,21.7,R,H01,PPMXL,CCD,systematic_bias,2.0
567,101955,,A1955,2013-01-20 02:13:53.472000+00:00,356.24530555555555,4.971495555555555,21.4,R,H01,PPMXL,CCD,systematic_bias,2.0
568,101955,,A1955,2013-01-20 02:41:07.296000+00:00,356.2636855555555,4.981225555555556,21.5,R,H01,PPMXL,CCD,systematic_bias,2.0
569,101955,,P10CaYf,2017-08-01 14:05:13.344000+00:00,36.55295155555556,5.034402555555555,21.6,w,F51,2MASS,CCD,systematic_bias,2.0
570,101955,,P10CaYf,2017-08-01 14:17:36.384000+00:00,36.56217655555556,5.038963555555556,21.3,w,F51,2MASS,CCD,systematic_bias,2.0
571,101955,,P10CaYf,2017-08-01 14:29:51.648000+00:00,36.57121355555556,5.043472555555556,21.4,w,F51,2MASS,CCD,systematic_bias,2.0
572,101955,,P10CaYf,2017-08-01 14:42:11.232000+00:00,36.58027655555556,5.047977555555556,21.3,w,F51,2MASS,CCD,systematic_bias,2.0
573,101955,,P10CUPy,2017-09-01 14:08:40.704000+00:00,77.77873055555555,21.759947555555552,21.4,w,F51,2MASS,CCD,systematic_bias,2.0
574,101955,,P10CUPy,2017-09-01 14:16:08.256000+00:00,77.78663055555555,21.762308555555553,21.5,w,F51,2MASS,CCD,systematic_bias,2.0
575,101955,,P10CUPy,2017-09-01 14:23:34.944000+00:00,77.79440555555556,21.764641555555553,21.2,w,F51,2MASS,CCD,systematic_bias,2.0
576,101955,,P10CUPy,2017-09-01 14:31:01.632000+00:00,77.80230155555554,21.766997555555555,21.4,w,F51,2MASS,CCD,systematic_bias,2.0
577,101955,,A1955,2018-05-15 18:12:29.952000+00:00,232.75801555555557,-38.672694444444446,,,Q62,UCAC4,CCD,systematic_bias,2.0
578,101955,,A1955,2018-05-15 18:33:34.848000+00:00,232.74572555555557,-38.672224444444446,,,Q62,UCAC4,CCD,systematic_bias,2.0
579,101955,,A1955,2018-05-15 18:55:30.720000+00:00,232.73322555555558,-38.671614444444444,20.5,V,Q62,UCAC4,CCD,systematic_bias,2.0
580,101955,,J99R36Q,2023-10-03 11:13:32.736000+00:00,130.03697555555556,24.988365555555553,22.2,G,291,Gaia2,CCD,systematic_bias,2.0
581,101955,,J99R36Q,2023-10-03 11:46:45.120000+00:00,130.06580555555556,24.983945555555554,22.0,G,291,Gaia2,CCD,systematic_bias,2.0
582,101955,,J99R36Q,2023-10-03 11:49:40.512000+00:00,130.06851555555556,24.983555555555554,22.3,G,695,Gaia2,CCD,systematic_bias,2.0
583,101955,,J99R36Q,2023-10-03 12:01:26.400000+00:00,130.07855555555557,24.982025555555555,23.0,G,695,Gaia2,CCD,systematic_bias,2.0
584,101955,,J99R36Q,2023-10-03 12:13:11.424000+00:00,130.08872555555556,24.980415555555552,,,695,Gaia2,CCD,systematic_bias,2.0
585,101955,,SWC0684,2024-07-05 23:45:35.200000+00:00,227.33385655555557,-37.29402344444444,20.3,Vj,Y05,ATLAS2,CMO,systematic_bias,2.0
586,101955,,SWC0684,2024-07-06 00:38:27.100000+00:00,227.32930455555555,-37.28615144444444,19.7,Vj,Y05,ATLAS2,CMO,systematic_bias,2.0
587,101955,,SWC0685,2024-07-06 23:07:40.500000+00:00,227.26538855555557,-37.09331244444444,19.7,Vj,Y05,ATLAS2,CMO,systematic_bias,2.0
588,101955,,SWC0685,2024-07-07 00:00:32.300000+00:00,227.26191255555557,-37.08556744444444,19.8,Vj,Y05,ATLAS2,CMO,systematic_bias,2.0
589,101955,,J99R36Q,2024-12-27 01:34:54.620000+00:00,338.04293055555553,0.05111155555555555,,,691,Gaia2,CCD,systematic_bias,2.0
590,101955,,J99R36Q,2024-12-27 02:11:32.640000+00:00,338.0648885555555,0.06438855555555556,,,691,Gaia2,CCD,systematic_bias,2.0
591,101955,,J99R36Q,2025-01-24 02:07:53.180000+00:00,5.546638555555556,15.899416555555556,23.5,R,291,Gaia2,CCD,systematic_bias,2.0
592,101955,,J99R36Q,2025-01-24 02:16:48.860000+00:00,5.5530975555555555,15.902805555555556,,,291,Gaia2,CCD,systematic_bias,2.0
593,101955,,J99R36Q,2025-01-24 02:25:41.950000+00:00,5.559555555555556,15.905972555555556,,,291,Gaia2,CCD,systematic_bias,2.0
594,101955,,J99R36Q,2025-01-27 02:18:40.320000+00:00,8.998763555555556,17.604916555555555,22.1,R,691,Gaia2,CCD,systematic_bias,2.0
595,101955,,J99R36Q,2025-01-27 02:42:54.430000+00:00,9.018263555555556,17.614333555555554,22.4,R,691,Gaia2,CCD,systematic_bias,2.0
596,101955,,J99R36Q,2025-01-27 03:07:09.410000+00:00,9.037847555555556,17.624138555555554,22.3,R,691,Gaia2,CCD,systematic_bias,2.0
597,101955,,A1955,2025-04-01 19:08:44.730000+00:00,104.64825055555555,26.471443555555553,20.6,Gr,033,Gaia3E,CCD,systematic_bias,2.0
598,101955,,A1955,2025-04-01 19:13:02.200000+00:00,104.65195555555555,26.470415555555554,20.2,Gr,033,Gaia3E,CCD,systematic_bias,2.0
599,101955,,A1955,2025-04-01 19:17:18.810000+00:00,104.65570555555556,26.469387555555553,20.6,Gr,033,Gaia3E,CCD,systematic_bias,2.0
600,101955,,A1955,2025-04-28 20:20:27.450000+00:00,132.66775555555557,16.465499555555553,21.5,Gr,033,Gaia3E,CCD,systematic_bias,2.0
601,101955,,A1955,2025-04-28 20:25:44.540000+00:00,132.67066555555556,16.464277555555554,21.5,Gr,033,Gaia3E,CCD,systematic_bias,2.0
602,101955,,A1955,2025-04-28 20:31:03.360000+00:00,132.67417555555556,16.462832555555554,21.2,Gr,033,Gaia3E,CCD,systematic_bias,2.0
