obs_index,permID,provID,trkSub,obsTime,ra_deg,dec_deg,mag,band,station,astCat,mode,injection_type,injection_magnitude_arcsec,is_targeted_row
0,101955,1999 RQ36,J99R36Q,1999-09-11 09:44:59.136000+00:00,24.47875,-27.07431,15.1,V,704,USNOA1,CCD,targeted_outlier,30.0,False
1,101955,1999 RQ36,J99R36Q,1999-09-11 10:06:56.736000+00:00,24.50075,-27.06656,15.1,V,704,USNOA1,CCD,targeted_outlier,30.0,False
2,101955,1999 RQ36,J99R36Q,1999-09-11 10:29:31.488000+00:00,24.52337,-27.05839,15.3,V,704,USNOA1,CCD,targeted_outlier,30.0,False
3,101955,1999 RQ36,J99R36Q,1999-09-11 10:51:03.168000+00:00,24.54512,-27.05031,15.4,V,704,USNOA1,CCD,targeted_outlier,30.0,False
4,101955,1999 RQ36,J99R36Q,1999-09-11 11:12:12.384000+00:00,24.56679,-27.04233,15.2,V,704,USNOA1,CCD,targeted_outlier,30.0,False
5,101955,1999 RQ36,C89272,1999-09-12 00:24:36.576000+00:00,25.61696,-26.75611,14.1,V,595,UNK,CCD,targeted_outlier,30.0,False
6,101955,1999 RQ36,C89272,1999-09-12 00:28:37.632000+00:00,25.62154,-26.75464,,,595,UNK,CCD,targeted_outlier,30.0,False
7,101955,1999 RQ36,C89272,1999-09-12 00:30:22.176000+00:00,25.62592,-26.75283,,,108,GSC,CCD,targeted_outlier,30.0,False
8,101955,1999 RQ36,C89272,1999-09-12 00:31:01.056000+00:00,25.6235,-26.75486,15.0,R,046,USNOSA2,CCD,targeted_outlier,30.0,False
9,101955,1999 RQ36,C89272,1999-09-12 00:32:10.176000+00:00,25.62471,-26.75433,,,046,USNOSA2,CCD,targeted_outlier,30.0,False
10,101955,1999 RQ36,C89272,1999-09-12 00:32:10.176000+00:00,25.62933,-26.75247,,,108,GSC,CCD,targeted_outlier,30.0,False
11,101955,1999 RQ36,C89272,1999-09-12 00:32:40.416000+00:00,25.62612,-26.75317,,,595,UNK,CCD,targeted_outlier,30.0,False
12,101955,1999 RQ36,C89272,1999-09-12 00:33:29.664000+00:00,25.62621,-26.75375,,,046,USNOSA2,CCD,targeted_outlier,30.0,False
13,101955,1999 RQ36,C89272,1999-09-12 00:35:21.120000+00:00,25.62842,-26.75308,,,046,USNOSA2,CCD,targeted_outlier,30.0,False
14,101955,1999 RQ36,C89272,1999-09-12 00:36:19.872000+00:00,25.63271,-26.7515,,,108,GSC,CCD,targeted_outlier,30.0,False
15,101955,1999 RQ36,C89272,1999-09-12 00:36:31.104000+00:00,25.62983,-26.75281,,,046,USNOSA2,CCD,targeted_outlier,30.0,False
16,101955,1999 RQ36,C89272,1999-09-12 00:36:50.976000+00:00,25.63083,-26.75153,,,595,UNK,CCD,targeted_outlier,30.0,False
17,101955,1999 RQ36,C89272,1999-09-12 00:37:39.360000+00:00,25.63104,-26.75228,,,046,USNOSA2,CCD,targeted_outlier,30.0,False
18,101955,1999 RQ36,C89272,1999-09-12 00:45:57.888000+00:00,25.64375,-26.74753,14.8,V,108,GSC,CCD,targeted_outlier,30.0,False
19,101955,1999 RQ36,C89272,1999-09-12 01:59:03.552000+00:00,25.741873333333334,-26.70897666666667,,,620,GSC,CCD,targeted_outlier,30.0,True
20,101955,1999 RQ36,C89272,1999-09-12 02:07:49.728000+00:00,25.74321,-26.71372,,,620,GSC,CCD,targeted_outlier,30.0,False
21,101955,1999 RQ36,C89272,1999-09-12 02:13:25.824000+00:00,25.7495,-26.71167,,,620,GSC,CCD,targeted_outlier,30.0,False
22,101955,1999 RQ36,C89272,1999-09-12 02:19:48.576000+00:00,25.75692,-26.70917,,,620,GSC,CCD,targeted_outlier,30.0,False
23,101955,1999 RQ36,C89272,1999-09-12 09:24:40.896000+00:00,26.35592,-26.52978,,,670,GSC1.1,CCD,targeted_outlier,30.0,False
24,101955,1999 RQ36,C89272,1999-09-12 09:49:28.704000+00:00,26.38554,-26.51969,,,670,GSC1.1,CCD,targeted_outlier,30.0,False
25,101955,1999 RQ36,C89272,1999-09-12 10:16:27.840000+00:00,26.41712,-26.50822,14.7,R,670,GSC1.1,CCD,targeted_outlier,30.0,False
26,101955,1999 RQ36,C89272,1999-09-12 10:40:33.312000+00:00,26.44529,-26.49764,,,670,GSC1.1,CCD,targeted_outlier,30.0,False
27,101955,1999 RQ36,C89272,1999-09-12 23:33:58.752000+00:00,27.61563,-26.14244,15.3,R,106,USNOA2,CCD,targeted_outlier,30.0,False
28,101955,1999 RQ36,C89272,1999-09-12 23:39:38.304000+00:00,27.63462,-26.13406,,,952,UNK,CCD,targeted_outlier,30.0,False
29,101955,1999 RQ36,C89272,1999-09-12 23:41:08.160000+00:00,27.63679,-26.13333,,,952,UNK,CCD,targeted_outlier,30.0,False
30,101955,1999 RQ36,C89272,1999-09-12 23:43:29.856000+00:00,27.63996,-26.13239,,,952,UNK,CCD,targeted_outlier,30.0,False
31,101955,1999 RQ36,C89272,1999-09-12 23:45:10.080000+00:00,27.64217,-26.13158,,,952,UNK,CCD,targeted_outlier,30.0,False
32,101955,1999 RQ36,C89272,1999-09-12 23:51:25.920000+00:00,27.659123333333334,-26.120586666666668,,,952,UNK,CCD,targeted_outlier,30.0,True
33,101955,1999 RQ36,C89272,1999-09-12 23:54:37.728000+00:00,27.65504,-26.12753,,,952,UNK,CCD,targeted_outlier,30.0,False
34,101955,1999 RQ36,C89272,1999-09-13 00:02:27.744000+00:00,27.65413,-26.12925,15.3,R,106,USNOA2,CCD,targeted_outlier,30.0,False
35,101955,1999 RQ36,C89272,1999-09-13 00:04:43.392000+00:00,27.65517,-26.12942,14.8,R,046,USNOSA2,CCD,targeted_outlier,30.0,False
36,101955,1999 RQ36,C89272,1999-09-13 00:05:56.832000+00:00,27.65679,-26.12883,,,046,USNOSA2,CCD,targeted_outlier,30.0,False
37,101955,1999 RQ36,C89272,1999-09-13 00:06:59.040000+00:00,27.65821,-26.12836,,,046,USNOSA2,CCD,targeted_outlier,30.0,False
38,101955,1999 RQ36,C89272,1999-09-13 00:08:01.248000+00:00,27.65958,-26.12789,,,046,USNOSA2,CCD,targeted_outlier,30.0,False
39,101955,1999 RQ36,C89272,1999-09-13 00:09:00+00:00,27.66092,-26.12742,,,046,USNOSA2,CCD,targeted_outlier,30.0,False
40,101955,1999 RQ36,C89272,1999-09-13 00:43:51.744000+00:00,27.70579,-26.11083,,,118,USNOA2,CCD,targeted_outlier,30.0,False
41,101955,1999 RQ36,C89272,1999-09-13 00:49:33.024000+00:00,27.71333,-26.108,,,118,USNOA2,CCD,targeted_outlier,30.0,False
42,101955,1999 RQ36,C89272,1999-09-13 00:53:29.760000+00:00,27.71858,-26.10611,,,118,USNOA2,CCD,targeted_outlier,30.0,False
43,101955,1999 RQ36,J99R36Q,1999-09-13 08:21:24.480000+00:00,28.44312,-25.86614,15.1,V,704,USNOA1,CCD,targeted_outlier,30.0,False
44,101955,1999 RQ36,J99R36Q,1999-09-13 08:37:39.936000+00:00,28.46546,-25.85769,15.4,V,704,USNOA1,CCD,targeted_outlier,30.0,False
45,101955,1999 RQ36,J99R36Q,1999-09-13 08:53:30.336000+00:00,28.48733,-25.8495,15.5,V,704,USNOA1,CCD,targeted_outlier,30.0,False
46,101955,1999 RQ36,C89272,1999-09-13 09:01:41.088000+00:00,28.51212,-25.84858,15.3,R,848,UNK,CCD,targeted_outlier,30.0,False
47,101955,1999 RQ36,C89272,1999-09-13 09:02:57.984000+00:00,28.51421,-25.84772,15.1,R,848,UNK,CCD,targeted_outlier,30.0,False
48,101955,1999 RQ36,C89272,1999-09-13 09:04:15.744000+00:00,28.51592,-25.84711,14.6,R,848,UNK,CCD,targeted_outlier,30.0,False
49,101955,1999 RQ36,C89272,1999-09-13 09:05:35.232000+00:00,28.51796,-25.84639,14.6,R,848,UNK,CCD,targeted_outlier,30.0,False
50,101955,1999 RQ36,C89272,1999-09-13 09:06:52.992000+00:00,28.51983,-25.84592,14.3,R,848,UNK,CCD,targeted_outlier,30.0,False
51,101955,1999 RQ36,C89272,1999-09-13 13:54:06.336000+00:00,29.02554,-25.61028,13.8,R,426,USNOSA2,CCD,targeted_outlier,30.0,False
52,101955,1999 RQ36,C89272,1999-09-13 13:57:11.232000+00:00,29.03013,-25.60875,13.8,R,426,USNOSA2,CCD,targeted_outlier,30.0,False
53,101955,1999 RQ36,C89272,1999-09-13 13:59:57.120000+00:00,29.03442,-25.60742,13.6,R,426,USNOSA2,CCD,targeted_outlier,30.0,False
54,101955,1999 RQ36,C89272,1999-09-13 14:26:24.288000+00:00,29.05979,-25.6015,15.5,R,428,GSC,CCD,targeted_outlier,30.0,False
55,101955,1999 RQ36,C89272,1999-09-13 14:28:38.208000+00:00,29.06296,-25.60033,15.6,R,428,GSC,CCD,targeted_outlier,30.0,False
56,101955,1999 RQ36,C89272,1999-09-13 14:30:49.536000+00:00,29.06612,-25.59919,15.6,R,428,GSC,CCD,targeted_outlier,30.0,False
57,101955,1999 RQ36,C89272,1999-09-13 14:33:25.920000+00:00,29.06983,-25.59783,15.6,R,428,GSC,CCD,targeted_outlier,30.0,False
58,101955,1999 RQ36,C89272,1999-09-14 00:12:08.352000+00:00,30.07362,-25.31639,14.4,R,046,USNOSA2,CCD,targeted_outlier,30.0,False
59,101955,1999 RQ36,C89272,1999-09-14 00:13:52.896000+00:00,30.068166666666666,-25.323643333333333,,,046,USNOSA2,CCD,targeted_outlier,30.0,True
60,101955,1999 RQ36,C89272,1999-09-14 00:15:31.392000+00:00,30.07908,-25.31439,,,046,USNOSA2,CCD,targeted_outlier,30.0,False
61,101955,1999 RQ36,C89272,1999-09-14 00:17:04.704000+00:00,30.08158,-25.31342,,,046,USNOSA2,CCD,targeted_outlier,30.0,False
62,101955,1999 RQ36,C89272,1999-09-14 00:41:16.224000+00:00,30.11604,-25.29761,15.4,R,629,GSC,CCD,targeted_outlier,30.0,False
63,101955,1999 RQ36,C89272,1999-09-14 00:48:24.768000+00:00,30.12658,-25.29319,15.5,R,629,GSC,CCD,targeted_outlier,30.0,False
64,101955,1999 RQ36,C89272,1999-09-14 00:51:48.672000+00:00,30.123996666666667,-25.299253333333333,16.2,R,629,GSC,CCD,targeted_outlier,30.0,True
65,101955,1999 RQ36,C89272,1999-09-14 00:55:21.216000+00:00,30.13762,-25.28886,16.0,R,629,GSC,CCD,targeted_outlier,30.0,False
66,101955,1999 RQ36,C89272,1999-09-14 00:56:45.888000+00:00,30.14008,-25.28797,16.4,R,629,GSC,CCD,targeted_outlier,30.0,False
67,101955,1999 RQ36,C89272,1999-09-14 00:59:12.768000+00:00,30.14417,-25.28675,15.5,R,629,GSC,CCD,targeted_outlier,30.0,False
68,101955,1999 RQ36,C89272,1999-09-14 01:01:37.920000+00:00,30.14787,-25.28489,15.8,R,629,GSC,CCD,targeted_outlier,30.0,False
69,101955,1999 RQ36,C89272,1999-09-14 01:04:08.256000+00:00,30.15188,-25.28325,16.1,R,629,GSC,CCD,targeted_outlier,30.0,False
70,101955,1999 RQ36,C89272,1999-09-14 01:05:56.256000+00:00,30.15467,-25.28211,15.8,R,629,GSC,CCD,targeted_outlier,30.0,False
71,101955,1999 RQ36,C89272,1999-09-14 01:07:48.576000+00:00,30.15762,-25.28103,16.3,R,629,GSC,CCD,targeted_outlier,30.0,False
72,101955,1999 RQ36,,1999-09-14 09:09:52.704000+00:00,31.06879,-24.95167,15.4,V,704,USNOA1,CCD,targeted_outlier,30.0,False
73,101955,1999 RQ36,,1999-09-14 09:27:57.024000+00:00,31.0985,-24.93906,15.5,V,704,USNOA1,CCD,targeted_outlier,30.0,False
74,101955,1999 RQ36,,1999-09-14 09:46:03.936000+00:00,31.12838,-24.92639,15.5,V,704,USNOA1,CCD,targeted_outlier,30.0,False
75,101955,1999 RQ36,,1999-09-14 10:04:22.944000+00:00,31.15854,-24.91344,15.8,V,704,USNOA1,CCD,targeted_outlier,30.0,False
76,101955,1999 RQ36,,1999-09-14 10:22:46.272000+00:00,31.18904,-24.90022,15.9,V,704,USNOA1,CCD,targeted_outlier,30.0,False
77,101955,1999 RQ36,C89272,1999-09-14 12:14:20.544000+00:00,31.46117,-24.73844,15.2,R,467,USNOA2,CCD,targeted_outlier,30.0,False
78,101955,1999 RQ36,C89272,1999-09-14 12:15:04.608000+00:00,31.46246,-24.73803,15.1,R,467,USNOA2,CCD,targeted_outlier,30.0,False
79,101955,1999 RQ36,C89272,1999-09-14 12:15:48.672000+00:00,31.46375,-24.7375,15.1,R,467,USNOA2,CCD,targeted_outlier,30.0,False
80,101955,1999 RQ36,C89272,1999-09-14 12:16:32.736000+00:00,31.465,-24.73706,15.0,R,467,USNOA2,CCD,targeted_outlier,30.0,False
81,101955,1999 RQ36,C89272,1999-09-14 12:28:21.216000+00:00,31.48592,-24.72917,15.3,R,467,USNOA2,CCD,targeted_outlier,30.0,False
82,101955,1999 RQ36,J99R36Q,1999-09-14 14:52:39.360000+00:00,31.7655,-24.63161,,,413,UNK,CCD,targeted_outlier,30.0,False
83,101955,1999 RQ36,J99R36Q,1999-09-14 14:54:05.760000+00:00,31.768,-24.63061,15.1,R,413,UNK,CCD,targeted_outlier,30.0,False
84,101955,1999 RQ36,J99R36Q,1999-09-14 17:12:18.432000+00:00,32.00183,-24.53172,15.1,R,428,GSC,CCD,targeted_outlier,30.0,False
85,101955,1999 RQ36,J99R36Q,1999-09-14 17:14:27.168000+00:00,32.00563,-24.52997,15.2,R,428,GSC,CCD,targeted_outlier,30.0,False
86,101955,1999 RQ36,J99R36Q,1999-09-14 17:16:35.040000+00:00,32.00942,-24.52822,15.1,R,428,GSC,CCD,targeted_outlier,30.0,False
87,101955,1999 RQ36,J99R36Q,1999-09-14 17:18:42.912000+00:00,32.01304,-24.52661,15.1,R,428,GSC,CCD,targeted_outlier,30.0,False
88,101955,1999 RQ36,J99R36Q,1999-09-15 01:19:26.688000+00:00,33.04517,-24.21908,,,118,USNOA2,CCD,targeted_outlier,30.0,False
89,101955,1999 RQ36,J99R36Q,1999-09-15 01:22:07.392000+00:00,33.05029,-24.21686,,,118,USNOA2,CCD,targeted_outlier,30.0,False
90,101955,1999 RQ36,J99R36Q,1999-09-15 01:23:38.976000+00:00,33.05333,-24.21558,15.2,R,118,USNOA2,CCD,targeted_outlier,30.0,False
91,101955,1999 RQ36,,1999-09-15 01:53:54.240000+00:00,33.11458,-24.19047,14.6,R,046,USNOSA2,CCD,targeted_outlier,30.0,False
92,101955,1999 RQ36,,1999-09-15 01:55:42.240000+00:00,33.11804,-24.18897,,,046,USNOSA2,CCD,targeted_outlier,30.0,False
93,101955,1999 RQ36,,1999-09-15 01:56:43.584000+00:00,33.12004,-24.18814,,,046,USNOSA2,CCD,targeted_outlier,30.0,False
94,101955,1999 RQ36,,1999-09-15 01:57:44.064000+00:00,33.122,-24.18722,,,046,USNOSA2,CCD,targeted_outlier,30.0,False
95,101955,1999 RQ36,J99R36Q,1999-09-15 02:44:51.936000+00:00,33.28246,-24.07222,15.5,V,859,GSC,CCD,targeted_outlier,30.0,False
96,101955,1999 RQ36,J99R36Q,1999-09-15 02:47:43.872000+00:00,33.288,-24.07,15.3,V,859,GSC,CCD,targeted_outlier,30.0,False
97,101955,1999 RQ36,J99R36Q,1999-09-15 02:51:50.112000+00:00,33.29583,-24.06689,15.4,V,859,GSC,CCD,targeted_outlier,30.0,False
98,101955,1999 RQ36,J99R36Q,1999-09-15 02:54:54.144000+00:00,33.30187,-24.06456,15.4,V,859,GSC,CCD,targeted_outlier,30.0,False
99,101955,1999 RQ36,J99R36Q,1999-09-15 02:58:01.632000+00:00,33.30792,-24.06211,15.0,V,859,GSC,CCD,targeted_outlier,30.0,False
100,101955,1999 RQ36,J99R36Q,1999-09-15 03:01:30.720000+00:00,33.31467,-24.05936,15.3,V,859,GSC,CCD,targeted_outlier,30.0,False
101,101955,1999 RQ36,J99R36Q,1999-09-15 09:18:43.200000+00:00,34.139,-23.79703,15.1,R,848,UNK,CCD,targeted_outlier,30.0,False
102,101955,1999 RQ36,J99R36Q,1999-09-15 09:19:40.224000+00:00,34.14092,-23.79622,15.0,R,848,UNK,CCD,targeted_outlier,30.0,False
103,101955,1999 RQ36,J99R36Q,1999-09-15 09:20:38.112000+00:00,34.14275,-23.79536,15.0,R,848,UNK,CCD,targeted_outlier,30.0,False
104,101955,1999 RQ36,,1999-09-16 01:23:25.152000+00:00,36.487,-22.83508,,,046,USNOSA2,CCD,targeted_outlier,30.0,False
105,101955,1999 RQ36,,1999-09-16 01:25:34.752000+00:00,36.49212,-22.83283,,,046,USNOSA2,CCD,targeted_outlier,30.0,False
106,101955,1999 RQ36,,1999-09-16 01:26:31.776000+00:00,36.49433,-22.83183,,,046,USNOSA2,CCD,targeted_outlier,30.0,False
107,101955,1999 RQ36,,1999-09-16 01:27:20.160000+00:00,36.49612,-22.83086,13.9,R,046,USNOSA2,CCD,targeted_outlier,30.0,False
108,101955,1999 RQ36,J99R36Q,1999-09-16 03:11:41.568000+00:00,36.743,-22.71239,,,595,UNK,CCD,targeted_outlier,30.0,False
109,101955,1999 RQ36,J99R36Q,1999-09-16 03:13:54.624000+00:00,36.74821,-22.70978,,,595,UNK,CCD,targeted_outlier,30.0,False
110,101955,1999 RQ36,J99R36Q,1999-09-16 03:16:12.864000+00:00,36.75379,-22.70706,,,595,UNK,CCD,targeted_outlier,30.0,False
111,101955,1999 RQ36,J99R36Q,1999-09-16 03:19:42.816000+00:00,36.76221,-22.70297,14.3,V,595,UNK,CCD,targeted_outlier,30.0,False
112,101955,1999 RQ36,J99R36Q,1999-09-16 08:54:27.360000+00:00,37.73033,-22.31061,13.9,R,848,UNK,CCD,targeted_outlier,30.0,False
113,101955,1999 RQ36,J99R36Q,1999-09-16 08:55:09.696000+00:00,37.73212,-22.30983,13.9,R,848,UNK,CCD,targeted_outlier,30.0,False
114,101955,1999 RQ36,J99R36Q,1999-09-16 08:55:52.896000+00:00,37.73392,-22.309,14.0,R,848,UNK,CCD,targeted_outlier,30.0,False
115,101955,1999 RQ36,J99R36Q,1999-09-16 13:22:09.120000+00:00,38.51462,-21.88183,14.8,R,428,GSC,CCD,targeted_outlier,30.0,False
116,101955,1999 RQ36,J99R36Q,1999-09-16 13:23:27.744000+00:00,38.51792,-21.88042,14.7,R,428,GSC,CCD,targeted_outlier,30.0,False
117,101955,1999 RQ36,J99R36Q,1999-09-16 13:24:41.184000+00:00,38.52129,-21.87883,14.8,R,428,GSC,CCD,targeted_outlier,30.0,False
118,101955,1999 RQ36,,1999-09-17 18:30:25.632000+00:00,44.16829,-19.20092,15.0,V,322,GSC,CCD,targeted_outlier,30.0,False
119,101955,1999 RQ36,,1999-09-17 19:00:17.568000+00:00,44.26667,-19.14647,15.4,V,322,GSC,CCD,targeted_outlier,30.0,False
120,101955,1999 RQ36,,1999-09-17 19:03:49.248000+00:00,44.27817,-19.14017,14.9,V,322,GSC,CCD,targeted_outlier,30.0,False
121,101955,1999 RQ36,,1999-09-17 19:27:51.264000+00:00,44.35742,-19.09583,15.3,V,322,GSC,CCD,targeted_outlier,30.0,False
122,101955,1999 RQ36,,1999-09-17 19:34:12.288000+00:00,44.386543333333336,-19.075776666666666,14.8,V,322,GSC,CCD,targeted_outlier,30.0,True
123,101955,1999 RQ36,,1999-09-17 20:00:55.008000+00:00,44.46675,-19.034,14.4,V,322,GSC,CCD,targeted_outlier,30.0,False
124,101955,1999 RQ36,J99R36Q,1999-09-18 15:23:50.784000+00:00,49.25437,-16.57175,14.5,R,428,GSC,CCD,targeted_outlier,30.0,False
125,101955,1999 RQ36,J99R36Q,1999-09-18 15:24:55.584000+00:00,49.25883,-16.56922,14.5,R,428,GSC,CCD,targeted_outlier,30.0,False
126,101955,1999 RQ36,J99R36Q,1999-09-18 15:25:49.152000+00:00,49.26233,-16.56717,14.6,R,428,GSC,CCD,targeted_outlier,30.0,False
127,101955,1999 RQ36,J99R36Q,1999-09-18 15:26:46.176000+00:00,49.26629,-16.56489,14.6,R,428,GSC,CCD,targeted_outlier,30.0,False
128,101955,1999 RQ36,J99R36Q,1999-09-19 02:09:56.736000+00:00,52.30658,-14.91536,14.8,V,859,GSC,CCD,targeted_outlier,30.0,False
129,101955,1999 RQ36,J99R36Q,1999-09-19 02:12:17.568000+00:00,52.31767,-14.90919,14.7,V,859,GSC,CCD,targeted_outlier,30.0,False
130,101955,1999 RQ36,J99R36Q,1999-09-19 02:18:54.144000+00:00,52.34813,-14.89194,15.0,V,859,GSC,CCD,targeted_outlier,30.0,False
131,101955,1999 RQ36,J99R36Q,1999-09-19 02:23:35.808000+00:00,52.36992,-14.87958,15.3,V,859,GSC,CCD,targeted_outlier,30.0,False
132,101955,1999 RQ36,J99R36Q,1999-09-19 02:27:47.232000+00:00,52.38954,-14.86817,14.9,V,859,GSC,CCD,targeted_outlier,30.0,False
133,101955,1999 RQ36,J99R36Q,1999-09-19 02:29:19.680000+00:00,52.39654,-14.86422,14.9,V,859,GSC,CCD,targeted_outlier,30.0,False
134,101955,1999 RQ36,J99R36Q,1999-09-19 02:35:21.696000+00:00,52.42458,-14.84825,15.2,V,859,GSC,CCD,targeted_outlier,30.0,False
135,101955,1999 RQ36,J99R36Q,1999-09-19 02:37:40.800000+00:00,52.43521,-14.84217,14.9,V,859,GSC,CCD,targeted_outlier,30.0,False
136,101955,1999 RQ36,J99R36Q,1999-09-19 02:40:45.696000+00:00,52.44933,-14.83406,14.9,V,859,GSC,CCD,targeted_outlier,30.0,False
137,101955,1999 RQ36,J99R36Q,1999-09-19 02:43:04.800000+00:00,52.45979,-14.82786,15.2,V,859,GSC,CCD,targeted_outlier,30.0,False
138,101955,1999 RQ36,J99R36Q,1999-09-19 21:10:21.216000+00:00,58.18288,-11.52289,14.5,R,327,UNK,CCD,targeted_outlier,30.0,False
139,101955,1999 RQ36,J99R36Q,1999-09-19 21:13:35.616000+00:00,58.19992,-11.51158,14.5,R,327,UNK,CCD,targeted_outlier,30.0,False
140,101955,1999 RQ36,J99R36Q,1999-09-19 21:17:23.712000+00:00,58.21975,-11.49844,14.4,R,327,UNK,CCD,targeted_outlier,30.0,False
141,101955,1999 RQ36,J99R36Q,1999-09-20 00:12:23.904000+00:00,59.29567,-10.89367,,,121,GSC,CCD,targeted_outlier,30.0,False
142,101955,1999 RQ36,J99R36Q,1999-09-20 00:13:53.760000+00:00,59.30392,-10.88833,,,121,GSC,CCD,targeted_outlier,30.0,False
143,101955,1999 RQ36,J99R36Q,1999-09-20 00:15:23.616000+00:00,59.320503333333335,-10.874696666666667,,,121,GSC,CCD,targeted_outlier,30.0,True
144,101955,1999 RQ36,J99R36Q,1999-09-20 00:18:24.192000+00:00,59.32863,-10.87233,,,121,GSC,CCD,targeted_outlier,30.0,False
145,101955,1999 RQ36,,1999-09-20 01:04:31.584000+00:00,59.61704,-10.70361,,,046,USNOSA2,CCD,targeted_outlier,30.0,False
146,101955,1999 RQ36,,1999-09-20 01:11:52.224000+00:00,59.65821,-10.6775,,,046,USNOSA2,CCD,targeted_outlier,30.0,False
147,101955,1999 RQ36,,1999-09-20 01:13:34.176000+00:00,59.66721,-10.67133,14.0,R,046,USNOSA2,CCD,targeted_outlier,30.0,False
148,101955,1999 RQ36,,1999-09-20 01:14:30.336000+00:00,59.67217,-10.66811,,,046,USNOSA2,CCD,targeted_outlier,30.0,False
149,101955,1999 RQ36,,1999-09-20 01:15:25.632000+00:00,59.67754,-10.66461,,,046,USNOSA2,CCD,targeted_outlier,30.0,False
150,101955,1999 RQ36,,1999-09-20 01:16:24.384000+00:00,59.68325,-10.66081,,,046,USNOSA2,CCD,targeted_outlier,30.0,False
151,101955,1999 RQ36,J99R36Q,1999-09-20 02:45:33.408000+00:00,60.28867,-10.18231,15.3,V,859,GSC,CCD,targeted_outlier,30.0,False
152,101955,1999 RQ36,J99R36Q,1999-09-20 03:15:17.568000+00:00,60.45913,-10.07442,14.7,V,859,GSC,CCD,targeted_outlier,30.0,False
153,101955,1999 RQ36,J99R36Q,1999-09-20 03:39:19.584000+00:00,60.59571,-9.98667,15.3,V,859,GSC,CCD,targeted_outlier,30.0,False
154,101955,1999 RQ36,J99R36Q,1999-09-20 03:57:50.688000+00:00,60.70033,-9.91872,15.6,V,859,GSC,CCD,targeted_outlier,30.0,False
155,101955,1999 RQ36,J99R36Q,1999-09-20 04:10:52.608000+00:00,60.77379,-9.8705,14.6,V,859,GSC,CCD,targeted_outlier,30.0,False
156,101955,1999 RQ36,J99R36Q,1999-09-20 04:37:57.792000+00:00,60.93441333333333,-9.761696666666667,15.6,V,859,GSC,CCD,targeted_outlier,30.0,True
157,101955,1999 RQ36,J99R36Q,1999-09-20 05:26:20.832000+00:00,61.19708,-9.58847,14.5,V,859,GSC,CCD,targeted_outlier,30.0,False
158,101955,1999 RQ36,J99R36Q,1999-09-20 06:00:06.048000+00:00,61.38575,-9.46028,15.4,V,859,GSC,CCD,targeted_outlier,30.0,False
159,101955,1999 RQ36,J99R36Q,1999-09-20 06:26:11.616000+00:00,61.5315,-9.36042,15.7,V,859,GSC,CCD,targeted_outlier,30.0,False
160,101955,1999 RQ36,J99R36Q,1999-09-20 07:12:23.328000+00:00,61.79025,-9.18164,15.6,V,859,GSC,CCD,targeted_outlier,30.0,False
161,101955,1999 RQ36,J99R36Q,1999-09-20 07:53:15.360000+00:00,62.02042,-9.0215,14.6,V,859,GSC,CCD,targeted_outlier,30.0,False
162,101955,1999 RQ36,J99R36Q,1999-09-20 23:30:44.352000+00:00,68.30438,-5.19475,,,121,UNK,CCD,targeted_outlier,30.0,False
163,101955,1999 RQ36,J99R36Q,1999-09-20 23:32:15.072000+00:00,68.3145,-5.18789,,,121,UNK,CCD,targeted_outlier,30.0,False
164,101955,1999 RQ36,J99R36Q,1999-09-20 23:33:37.152000+00:00,68.32371,-5.18164,,,121,UNK,CCD,targeted_outlier,30.0,False
165,101955,1999 RQ36,J99R36Q,1999-09-20 23:36:03.168000+00:00,68.33983,-5.17058,,,121,UNK,CCD,targeted_outlier,30.0,False
166,101955,1999 RQ36,J99R36Q,1999-09-20 23:59:26.304000+00:00,68.49554,-5.06414,,,121,UNK,CCD,targeted_outlier,30.0,False
167,101955,1999 RQ36,J99R36Q,1999-09-21 00:00:37.152000+00:00,68.50346,-5.05881,,,121,UNK,CCD,targeted_outlier,30.0,False
168,101955,1999 RQ36,J99R36Q,1999-09-21 00:01:48.864000+00:00,68.51142,-5.05328,,,121,UNK,CCD,targeted_outlier,30.0,False
169,101955,1999 RQ36,J99R36Q,1999-09-21 15:48:10.944000+00:00,75.5365,-0.24617,15.0,R,428,GSC,CCD,targeted_outlier,30.0,False
170,101955,1999 RQ36,J99R36Q,1999-09-21 15:49:03.648000+00:00,75.543,-0.24158,14.9,R,428,GSC,CCD,targeted_outlier,30.0,False
171,101955,1999 RQ36,J99R36Q,1999-09-21 15:49:58.944000+00:00,75.54975,-0.23681,15.0,R,428,GSC,CCD,targeted_outlier,30.0,False
172,101955,1999 RQ36,J99R36Q,1999-09-21 15:50:48.192000+00:00,75.55571,-0.23261,14.9,R,428,GSC,CCD,targeted_outlier,30.0,False
173,101955,1999 RQ36,J99R36Q,1999-09-22 01:29:01.248000+00:00,80.06142,2.60508,14.6,V,121,GSC,CCD,targeted_outlier,30.0,False
174,101955,1999 RQ36,J99R36Q,1999-09-22 01:30:03.456000+00:00,80.06921,2.61053,,,121,GSC,CCD,targeted_outlier,30.0,False
175,101955,1999 RQ36,J99R36Q,1999-09-22 01:57:20.736000+00:00,80.27792,2.75678,14.9,V,121,GSC,CCD,targeted_outlier,30.0,False
176,101955,1999 RQ36,J99R36Q,1999-09-22 01:58:30.720000+00:00,80.28687,2.76306,,,121,GSC,CCD,targeted_outlier,30.0,False
177,101955,1999 RQ36,J99R36Q,1999-09-22 10:17:59.424000+00:00,84.45779,5.46933,15.1,R,848,UNK,CCD,targeted_outlier,30.0,False
178,101955,1999 RQ36,J99R36Q,1999-09-22 10:19:04.224000+00:00,84.46658,5.47536,15.4,R,848,UNK,CCD,targeted_outlier,30.0,False
179,101955,1999 RQ36,J99R36Q,1999-09-22 10:20:10.752000+00:00,84.47546,5.48142,15.4,R,848,UNK,CCD,targeted_outlier,30.0,False
180,101955,1999 RQ36,J99R36Q,1999-09-22 10:21:16.416000+00:00,84.48421,5.48736,15.3,R,848,UNK,CCD,targeted_outlier,30.0,False
181,101955,1999 RQ36,J99R36Q,1999-09-22 10:23:25.152000+00:00,84.50154,5.49931,15.5,R,848,UNK,CCD,targeted_outlier,30.0,False
182,101955,1999 RQ36,J99R36Q,1999-09-22 10:24:32.544000+00:00,84.51046,5.50531,15.5,R,848,UNK,CCD,targeted_outlier,30.0,False
183,101955,1999 RQ36,J99R36Q,1999-09-22 10:25:38.208000+00:00,84.51917,5.51133,15.2,R,848,UNK,CCD,targeted_outlier,30.0,False
184,101955,1999 RQ36,J99R36Q,1999-09-22 10:26:44.736000+00:00,84.52787,5.51725,15.4,R,848,UNK,CCD,targeted_outlier,30.0,False
185,101955,1999 RQ36,J99R36Q,1999-09-22 10:31:05.664000+00:00,84.56296,5.54114,15.4,R,848,UNK,CCD,targeted_outlier,30.0,False
186,101955,1999 RQ36,J99R36Q,1999-09-23 10:57:38.880000+00:00,97.01642,13.30756,15.5,R,848,UNK,CCD,targeted_outlier,30.0,False
187,101955,1999 RQ36,J99R36Q,1999-09-23 11:23:31.488000+00:00,97.22829,13.43936,14.8,R,848,UNK,CCD,targeted_outlier,30.0,False
188,101955,1999 RQ36,J99R36Q,1999-09-23 11:36:20.448000+00:00,97.33288,13.50458,15.1,R,848,UNK,CCD,targeted_outlier,30.0,False
189,101955,1999 RQ36,J99R36Q,1999-09-23 11:43:50.592000+00:00,97.39392,13.54261,15.0,R,848,UNK,CCD,targeted_outlier,30.0,False
190,101955,1999 RQ36,J99R36Q,1999-09-23 11:58:17.184000+00:00,97.51125,13.61564,15.3,R,848,UNK,CCD,targeted_outlier,30.0,False
191,101955,1999 RQ36,J99R36Q,1999-09-23 12:11:06.144000+00:00,97.61508,13.68039,15.6,R,848,UNK,CCD,targeted_outlier,30.0,False
192,101955,1999 RQ36,J99R36Q,1999-09-23 18:20:38.976000+00:00,100.74771,15.66183,15.2,R,428,GSC,CCD,targeted_outlier,30.0,False
193,101955,1999 RQ36,J99R36Q,1999-09-24 18:32:38.688000+00:00,112.52558,21.68,15.5,R,428,GSC,CCD,targeted_outlier,30.0,False
194,101955,1999 RQ36,J99R36Q,1999-12-29 15:39:24.768000+00:00,207.00783,5.33175,,,568,UNK,CCD,targeted_outlier,30.0,False
195,101955,1999 RQ36,J99R36Q,1999-12-29 15:43:49.152000+00:00,207.00913,5.33058,,,568,UNK,CCD,targeted_outlier,30.0,False
196,101955,1999 RQ36,J99R36Q,1999-12-30 15:28:15.168000+00:00,207.46225,4.95808,,,568,UNK,CCD,targeted_outlier,30.0,False
197,101955,1999 RQ36,J99R36Q,1999-12-30 15:31:39.936000+00:00,207.46329,4.95722,,,568,UNK,CCD,targeted_outlier,30.0,False
198,101955,1999 RQ36,J99R36Q,2000-03-30 09:22:01.056000+00:00,215.98758,-21.44489,18.2,R,695,UNK,CCD,targeted_outlier,30.0,False
199,101955,1999 RQ36,J99R36Q,2000-03-30 09:26:00.384000+00:00,215.98558,-21.44528,18.2,R,695,UNK,CCD,targeted_outlier,30.0,False
200,101955,1999 RQ36,J99R36Q,2000-03-30 09:29:47.616000+00:00,215.97537666666668,-21.454003333333333,18.1,R,695,UNK,CCD,targeted_outlier,30.0,True
201,101955,1999 RQ36,J99R36Q,2000-03-30 09:33:58.176000+00:00,215.98983333333334,-21.437726666666666,18.1,R,695,UNK,CCD,targeted_outlier,30.0,True
202,101955,1999 RQ36,J99R36Q,2000-03-30 09:56:09.600000+00:00,215.97021,-21.44819,,,695,UNK,CCD,targeted_outlier,30.0,False
203,101955,1999 RQ36,J99R36Q,2000-03-30 10:00:12.384000+00:00,215.96804,-21.44856,18.1,R,695,UNK,CCD,targeted_outlier,30.0,False
204,101955,1999 RQ36,J99R36Q,2000-03-30 10:03:50.112000+00:00,215.96629,-21.44892,18.1,R,695,UNK,CCD,targeted_outlier,30.0,False
205,101955,1999 RQ36,J99R36Q,2000-03-30 10:07:26.976000+00:00,215.9645,-21.44925,18.2,R,695,UNK,CCD,targeted_outlier,30.0,False
206,101955,1999 RQ36,J99R36Q,2000-03-30 10:11:19.392000+00:00,215.96246,-21.44964,18.0,R,695,UNK,CCD,targeted_outlier,30.0,False
207,101955,1999 RQ36,J99R36Q,2000-03-30 10:31:09.984000+00:00,215.95233,-21.4515,18.1,R,695,UNK,CCD,targeted_outlier,30.0,False
208,101955,1999 RQ36,J99R36Q,2000-03-30 10:34:26.112000+00:00,215.95067,-21.45181,18.0,R,695,UNK,CCD,targeted_outlier,30.0,False
209,101955,1999 RQ36,,2000-04-06 05:47:28.320000+00:00,210.94,-22.15411,19.0,R,709,USNOSA1,CCD,targeted_outlier,30.0,False
210,101955,1999 RQ36,,2000-04-06 05:50:21.120000+00:00,210.94671333333332,-22.146086666666665,19.0,R,709,USNOSA1,CCD,targeted_outlier,30.0,True
211,101955,1999 RQ36,,2000-04-06 05:52:22.080000+00:00,210.94521333333333,-22.14619666666667,18.9,R,709,USNOSA1,CCD,targeted_outlier,30.0,True
212,101955,1999 RQ36,,2000-04-06 05:55:23.520000+00:00,210.93538,-22.15467,18.7,R,709,USNOSA1,CCD,targeted_outlier,30.0,False
213,101955,1999 RQ36,,2000-04-06 05:58:24.960000+00:00,210.93383,-22.15472,19.0,R,709,USNOSA1,CCD,targeted_outlier,30.0,False
214,101955,1999 RQ36,,2000-04-06 06:00:25.920000+00:00,210.93246,-22.15494,19.0,R,709,USNOSA1,CCD,targeted_outlier,30.0,False
215,101955,1999 RQ36,,2000-04-06 06:03:27.360000+00:00,210.93075,-22.15506,19.0,R,709,USNOSA1,CCD,targeted_outlier,30.0,False
216,101955,1999 RQ36,,2000-04-06 06:06:28.800000+00:00,210.92925,-22.15522,18.9,R,709,USNOSA1,CCD,targeted_outlier,30.0,False
217,101955,1999 RQ36,J99R36Q,2005-06-30 12:22:30.432000+00:00,346.96112,-25.03678,,,F65,USNOA2,CCD,targeted_outlier,30.0,False
218,101955,1999 RQ36,J99R36Q,2005-06-30 12:24:10.656000+00:00,346.96175,-25.03681,,,F65,USNOA2,CCD,targeted_outlier,30.0,False
219,101955,1999 RQ36,J99R36Q,2005-06-30 12:25:45.696000+00:00,346.96225,-25.03667,,,F65,USNOA2,CCD,targeted_outlier,30.0,False
220,101955,1999 RQ36,J99R36Q,2005-06-30 12:27:20.736000+00:00,346.96304,-25.03644,,,F65,USNOA2,CCD,targeted_outlier,30.0,False
221,101955,1999 RQ36,5P58DC7,2005-08-08 15:59:25.728000+00:00,7.59837,-24.45944,18.5,V,E12,UCAC2,CCD,targeted_outlier,30.0,False
222,101955,1999 RQ36,5P58DC7,2005-08-08 16:18:27.936000+00:00,7.605,-24.45919,18.6,V,E12,UCAC2,CCD,targeted_outlier,30.0,False
223,101955,1999 RQ36,5P58DC7,2005-08-08 16:36:47.808000+00:00,7.61113,-24.45886,18.7,V,E12,UCAC2,CCD,targeted_outlier,30.0,False
224,101955,1999 RQ36,5P58DC7,2005-08-08 16:55:20.640000+00:00,7.61712,-24.45847,18.6,V,E12,UCAC2,CCD,targeted_outlier,30.0,False
225,101955,1999 RQ36,J99R36Q,2005-08-15 16:40:14.304000+00:00,11.71038,-24.12467,18.2,V,428,UCAC2,CCD,targeted_outlier,30.0,False
226,101955,1999 RQ36,J99R36Q,2005-08-15 16:43:50.304000+00:00,11.71171,-24.12447,18.3,V,428,UCAC2,CCD,targeted_outlier,30.0,False
227,101955,1999 RQ36,J99R36Q,2005-08-15 16:47:26.304000+00:00,11.71304,-24.12431,18.1,V,428,UCAC2,CCD,targeted_outlier,30.0,False
228,101955,1999 RQ36,5Q5AD7F,2005-08-27 18:20:18.240000+00:00,20.79254,-22.27575,17.1,V,E12,UCAC2,CCD,targeted_outlier,30.0,False
229,101955,1999 RQ36,5Q5AD7F,2005-08-27 18:36:08.640000+00:00,20.80138,-22.27258,17.1,V,E12,UCAC2,CCD,targeted_outlier,30.0,False
230,101955,1999 RQ36,5Q5AD7F,2005-08-27 18:52:23.232000+00:00,20.81083,-22.26928,17.1,V,E12,UCAC2,CCD,targeted_outlier,30.0,False
231,101955,1999 RQ36,5Q5AD7F,2005-08-27 19:08:19.680000+00:00,20.81983,-22.26592,17.3,V,E12,UCAC2,CCD,targeted_outlier,30.0,False
232,101955,1999 RQ36,J99R36Q,2005-09-04 01:28:19.776000+00:00,29.40408,-19.18828,16.8,R,157,UCAC2,CCD,targeted_outlier,30.0,False
233,101955,1999 RQ36,J99R36Q,2005-09-04 01:29:49.632000+00:00,29.40546,-19.18747,16.8,R,157,UCAC2,CCD,targeted_outlier,30.0,False
234,101955,1999 RQ36,J99R36Q,2005-09-04 01:31:20.352000+00:00,29.40696,-19.18694,17.0,R,157,UCAC2,CCD,targeted_outlier,30.0,False
235,101955,1999 RQ36,J99R36Q,2005-09-04 01:32:50.208000+00:00,29.40812,-19.18603,16.3,R,157,UCAC2,CCD,targeted_outlier,30.0,False
236,101955,,J99R36Q,2005-09-10 00:03:59.328000+00:00,40.812,-13.49983,,,084,UCAC2,CCD,targeted_outlier,30.0,False
237,101955,,J99R36Q,2005-09-10 00:05:26.592000+00:00,40.81437,-13.49819,,,084,UCAC2,CCD,targeted_outlier,30.0,False
238,101955,,A1955,2005-09-12 13:57:12.096000+00:00,48.07988,-9.18514,15.8,R,608,USNOA2,CCD,targeted_outlier,30.0,False
239,101955,,A1955,2005-09-12 14:12:48.672000+00:00,48.11125,-9.16375,16.0,R,608,USNOA2,CCD,targeted_outlier,30.0,False
240,101955,,A1955,2005-09-12 15:11:57.984000+00:00,48.22992,-9.08197,15.4,R,608,USNOA2,CCD,targeted_outlier,30.0,False
241,101955,1999 RQ36,5R3FACA,2005-09-13 08:50:34.944000+00:00,50.72713,-7.5545,15.7,V,703,UCAC2,CCD,targeted_outlier,30.0,False
242,101955,1999 RQ36,5R3FACA,2005-09-13 09:03:34.272000+00:00,50.75608,-7.53489,15.8,V,703,UCAC2,CCD,targeted_outlier,30.0,False
243,101955,1999 RQ36,5R3FACA,2005-09-13 09:16:30.144000+00:00,50.78504,-7.51533,15.8,V,703,UCAC2,CCD,targeted_outlier,30.0,False
244,101955,1999 RQ36,5R3FACA,2005-09-13 09:29:25.152000+00:00,50.81383,-7.49583,15.7,V,703,UCAC2,CCD,targeted_outlier,30.0,False
245,101955,1999 RQ36,J99R36Q,2005-09-14 17:34:05.664000+00:00,55.78096,-4.29519,16.0,V,379,UCAC2,CCD,targeted_outlier,30.0,False
246,101955,1999 RQ36,J99R36Q,2005-09-14 17:37:43.392000+00:00,55.79029,-4.28872,16.2,V,379,UCAC2,CCD,targeted_outlier,30.0,False
247,101955,1999 RQ36,J99R36Q,2005-09-14 17:38:55.968000+00:00,55.79338,-4.2865,16.2,V,379,UCAC2,CCD,targeted_outlier,30.0,False
248,101955,1999 RQ36,J99R36Q,2005-09-14 17:40:07.680000+00:00,55.78812666666667,-4.292723333333334,16.0,V,379,UCAC2,CCD,targeted_outlier,30.0,True
249,101955,1999 RQ36,J99R36Q,2005-09-14 17:43:27.264000+00:00,55.80496,-4.27844,16.0,V,379,UCAC2,CCD,targeted_outlier,30.0,False
250,101955,1999 RQ36,J99R36Q,2005-09-14 17:49:30.144000+00:00,55.82033,-4.26753,15.7,V,379,UCAC2,CCD,targeted_outlier,30.0,False
251,101955,1999 RQ36,J99R36Q,2005-09-14 17:50:41.856000+00:00,55.82333,-4.26533,15.7,V,379,UCAC2,CCD,targeted_outlier,30.0,False
252,101955,1999 RQ36,J99R36Q,2005-09-14 17:57:32.256000+00:00,55.84096,-4.25308,16.3,V,379,UCAC2,CCD,targeted_outlier,30.0,False
253,101955,1999 RQ36,J99R36Q,2005-09-14 17:59:57.408000+00:00,55.84713,-4.24878,16.1,V,379,UCAC2,CCD,targeted_outlier,30.0,False
254,101955,1999 RQ36,J99R36Q,2005-09-14 18:01:09.984000+00:00,55.85025,-4.24664,16.1,V,379,UCAC2,CCD,targeted_outlier,30.0,False
255,101955,1999 RQ36,79H063,2005-09-17 09:25:00.768000+00:00,67.81458,3.67,15.8,R,699,USNOA2,CCD,targeted_outlier,30.0,False
256,101955,1999 RQ36,79H063,2005-09-17 10:15:30.816000+00:00,67.98242,3.78828,,,699,USNOA2,CCD,targeted_outlier,30.0,False
257,101955,1999 RQ36,79H063,2005-09-17 10:54:47.808000+00:00,68.11246,3.88036,,,699,USNOA2,CCD,targeted_outlier,30.0,False
258,101955,,J99R36Q,2005-09-17 22:55:49.152000+00:00,70.72458,5.569,,,084,UCAC2,CCD,targeted_outlier,30.0,False
259,101955,,J99R36Q,2005-09-17 22:56:25.440000+00:00,70.72671,5.5705,,,084,UCAC2,CCD,targeted_outlier,30.0,False
260,101955,,J99R36Q,2005-09-17 22:57:00.864000+00:00,70.72883,5.57186,,,084,UCAC2,CCD,targeted_outlier,30.0,False
261,101955,,J99R36Q,2005-09-23 01:13:25.536000+00:00,101.01742,22.68761,,,084,UCAC2,CCD,targeted_outlier,30.0,False
262,101955,,J99R36Q,2005-09-23 01:14:01.824000+00:00,101.01979,22.68872,,,084,UCAC2,CCD,targeted_outlier,30.0,False
263,101955,,J99R36Q,2005-09-23 01:16:59.808000+00:00,101.03221,22.69447,,,084,UCAC2,CCD,targeted_outlier,30.0,False
264,101955,,J99R36Q,2005-09-23 01:17:43.008000+00:00,101.03504,22.69583,,,084,UCAC2,CCD,targeted_outlier,30.0,False
265,101955,,J99R36Q,2005-09-23 01:18:54.720000+00:00,101.04008,22.69814,,,084,UCAC2,CCD,targeted_outlier,30.0,False
266,101955,,G11p1q,2006-02-02 12:06:06.336000+00:00,222.25929,-7.97022,21.4,V,691,USNOA2,CCD,targeted_outlier,30.0,False
267,101955,,G11p1q,2006-02-02 12:24:04.608000+00:00,222.26325,-7.97414,21.3,V,691,USNOA2,CCD,targeted_outlier,30.0,False
268,101955,,G11p1q,2006-02-02 12:42:03.744000+00:00,222.26721,-7.97814,20.8,V,691,USNOA2,CCD,targeted_outlier,30.0,False
269,101955,,6F0996E,2006-03-24 09:41:28.320000+00:00,224.16492,-21.89267,19.5,V,703,UCAC2,CCD,targeted_outlier,30.0,False
270,101955,,6F0996E,2006-03-24 09:47:45.024000+00:00,224.16283,-21.89375,19.7,V,703,UCAC2,CCD,targeted_outlier,30.0,False
271,101955,,6F0996E,2006-03-24 09:54:07.776000+00:00,224.16075,-21.89492,19.7,V,703,UCAC2,CCD,targeted_outlier,30.0,False
272,101955,,6F0996E,2006-03-24 10:00:32.256000+00:00,224.15817,-21.89594,19.6,V,703,UCAC2,CCD,targeted_outlier,30.0,False
273,101955,,KT5JHD1,2006-04-21 06:55:19.488000+00:00,204.75637,-24.43067,19.0,R,644,USNOB1,CCD,targeted_outlier,30.0,False
274,101955,,KT5JHD1,2006-04-21 07:27:13.248000+00:00,204.73858,-24.42933,18.5,R,644,USNOB1,CCD,targeted_outlier,30.0,False
275,101955,,KT5JHD1,2006-04-21 07:57:35.424000+00:00,204.72192,-24.428,18.6,R,644,USNOB1,CCD,targeted_outlier,30.0,False
276,101955,,6H617CA,2006-04-29 14:06:25.920000+00:00,199.09575,-23.61714,19.1,V,E12,UCAC2,CCD,targeted_outlier,30.0,False
277,101955,,6H617CA,2006-04-29 14:19:20.928000+00:00,199.08975,-23.61608,18.7,V,E12,UCAC2,CCD,targeted_outlier,30.0,False
278,101955,,6H617CA,2006-04-29 14:32:16.800000+00:00,199.08433,-23.61508,18.3,V,E12,UCAC2,CCD,targeted_outlier,30.0,False
279,101955,,6H617CA,2006-04-29 14:45:15.264000+00:00,199.07833,-23.61381,19.0,V,E12,UCAC2,CCD,targeted_outlier,30.0,False
280,101955,,A1955,2006-04-30 04:40:46.272000+00:00,198.74038,-23.54997,,,290,USNOB1,CCD,targeted_outlier,30.0,False
281,101955,,A1955,2006-04-30 04:48:05.184000+00:00,198.73721,-23.54936,,,290,USNOB1,CCD,targeted_outlier,30.0,False
282,101955,,A1955,2006-04-30 05:33:17.280000+00:00,198.71746,-23.54564,,,290,USNOB1,CCD,targeted_outlier,30.0,False
283,101955,,A1955,2006-04-30 06:36:44.064000+00:00,198.68963,-23.54011,18.9,R,290,USNOB1,CCD,targeted_outlier,30.0,False
284,101955,,A1955,2006-05-22 05:55:45.984000+00:00,191.54563,-20.90258,,,693,USNOB1,CCD,targeted_outlier,30.0,False
285,101955,,A1955,2006-05-22 06:03:03.168000+00:00,191.54513,-20.90222,,,693,USNOB1,CCD,targeted_outlier,30.0,False
286,101955,,A1955,2006-05-22 06:10:21.216000+00:00,191.5445,-20.90178,,,693,USNOB1,CCD,targeted_outlier,30.0,False
287,101955,,A1955,2006-05-22 06:17:38.400000+00:00,191.54396,-20.90122,,,693,USNOB1,CCD,targeted_outlier,30.0,False
288,101955,,A1955,2006-05-22 06:24:55.584000+00:00,191.54346,-20.90067,20.5,R,693,USNOB1,CCD,targeted_outlier,30.0,False
289,101955,,A1955,2006-05-26 04:25:25.248000+00:00,191.359,-20.59189,,,693,USNOB1,CCD,targeted_outlier,30.0,False
290,101955,,A1955,2006-05-26 04:32:43.296000+00:00,191.35867,-20.59167,,,693,USNOB1,CCD,targeted_outlier,30.0,False
291,101955,,A1955,2006-05-26 04:40:01.344000+00:00,191.35842,-20.59144,,,693,USNOB1,CCD,targeted_outlier,30.0,False
292,101955,,A1955,2006-05-26 04:47:19.392000+00:00,191.35821,-20.59086,20.8,R,693,USNOB1,CCD,targeted_outlier,30.0,False
293,101955,,A1955,2011-08-13 03:53:55.680000+00:00,35.22054,-1.16244,19.0,R,950,USNOB1,CCD,targeted_outlier,30.0,False
294,101955,,A1955,2011-08-13 03:55:28.992000+00:00,35.22179,-1.16189,19.1,R,950,USNOB1,CCD,targeted_outlier,30.0,False
295,101955,,A1955,2011-08-13 03:57:02.304000+00:00,35.223,-1.16108,19.0,R,950,USNOB1,CCD,targeted_outlier,30.0,False
296,101955,,A1955,2011-08-13 03:59:10.176000+00:00,35.22458,-1.16036,19.0,R,950,USNOB1,CCD,targeted_outlier,30.0,False
297,101955,,A1955,2011-08-13 04:00:21.024000+00:00,35.2255,-1.15986,18.9,R,950,USNOB1,CCD,targeted_outlier,30.0,False
298,101955,,A1955,2011-08-13 04:01:24.960000+00:00,35.22625,-1.15942,19.0,R,950,USNOB1,CCD,targeted_outlier,30.0,False
299,101955,,A1955,2011-08-13 04:02:28.032000+00:00,35.22721,-1.15906,18.9,R,950,USNOB1,CCD,targeted_outlier,30.0,False
300,101955,,A1955,2011-08-13 04:03:30.240000+00:00,35.22787,-1.15864,19.0,R,950,USNOB1,CCD,targeted_outlier,30.0,False
301,101955,,A1955,2011-08-13 04:04:37.632000+00:00,35.22879,-1.15811,19.1,R,950,USNOB1,CCD,targeted_outlier,30.0,False
302,101955,,A1955,2011-08-13 04:05:33.792000+00:00,35.22967,-1.15778,19.2,R,950,USNOB1,CCD,targeted_outlier,30.0,False
303,101955,,A1955,2011-08-13 04:06:30.816000+00:00,35.23025,-1.15733,19.2,R,950,USNOB1,CCD,targeted_outlier,30.0,False
304,101955,,A1955,2011-08-13 04:07:50.304000+00:00,35.23129,-1.15683,18.8,R,950,USNOB1,CCD,targeted_outlier,30.0,False
305,101955,,A1955,2011-08-13 04:09:53.856000+00:00,35.23296,-1.15594,18.9,R,950,USNOB1,CCD,targeted_outlier,30.0,False
306,101955,,A1955,2011-08-13 04:25:01.920000+00:00,35.24462,-1.14981,18.9,R,950,USNOB1,CCD,targeted_outlier,30.0,False
307,101955,,A1955,2011-08-13 04:26:18.816000+00:00,35.24563,-1.14922,18.8,R,950,USNOB1,CCD,targeted_outlier,30.0,False
308,101955,,A1955,2011-08-13 04:27:14.976000+00:00,35.254713333333335,-1.1405566666666667,18.9,R,950,USNOB1,CCD,targeted_outlier,30.0,True
309,101955,,A1955,2011-08-13 04:28:12+00:00,35.247,-1.1485,19.2,R,950,USNOB1,CCD,targeted_outlier,30.0,False
310,101955,,A1955,2011-08-13 04:30:19.008000+00:00,35.24879,-1.14772,19.0,R,950,USNOB1,CCD,targeted_outlier,30.0,False
311,101955,,A1955,2011-08-13 04:31:16.032000+00:00,35.24942,-1.14725,19.3,R,950,USNOB1,CCD,targeted_outlier,30.0,False
312,101955,,A1955,2011-08-13 04:32:13.056000+00:00,35.25025,-1.14686,19.1,R,950,USNOB1,CCD,targeted_outlier,30.0,False
313,101955,,A1955,2011-08-13 04:33:23.904000+00:00,35.25108,-1.14639,18.9,R,950,USNOB1,CCD,targeted_outlier,30.0,False
314,101955,,A1955,2011-08-13 04:34:20.928000+00:00,35.25188,-1.146,19.1,R,950,USNOB1,CCD,targeted_outlier,30.0,False
315,101955,,A1955,2011-08-13 04:35:17.088000+00:00,35.2525,-1.14558,18.8,R,950,USNOB1,CCD,targeted_outlier,30.0,False
316,101955,,A1955,2011-08-13 04:36:35.712000+00:00,35.25362,-1.14506,19.0,R,950,USNOB1,CCD,targeted_outlier,30.0,False
317,101955,,A1955,2011-08-13 04:37:32.736000+00:00,35.25429,-1.14472,19.0,R,950,USNOB1,CCD,targeted_outlier,30.0,False
318,101955,,A1955,2011-08-13 04:38:28.896000+00:00,35.25496,-1.14431,19.2,R,950,USNOB1,CCD,targeted_outlier,30.0,False
319,101955,,A1955,2011-08-13 04:39:33.696000+00:00,35.25579,-1.14383,18.9,R,950,USNOB1,CCD,targeted_outlier,30.0,False
320,101955,,A1955,2011-08-13 04:40:30.720000+00:00,35.25658,-1.14347,19.3,R,950,USNOB1,CCD,targeted_outlier,30.0,False
321,101955,,A1955,2011-08-13 04:41:27.744000+00:00,35.25725,-1.14311,19.2,R,950,USNOB1,CCD,targeted_outlier,30.0,False
322,101955,,A1955,2011-08-13 04:42:34.272000+00:00,35.25821,-1.14264,19.2,R,950,USNOB1,CCD,targeted_outlier,30.0,False
323,101955,,A1955,2011-08-13 04:43:31.296000+00:00,35.25892,-1.14222,19.3,R,950,USNOB1,CCD,targeted_outlier,30.0,False
324,101955,,A1955,2011-08-13 04:44:28.320000+00:00,35.25962,-1.14186,19.2,R,950,USNOB1,CCD,targeted_outlier,30.0,False
325,101955,,A1955,2011-08-13 04:45:33.120000+00:00,35.26042,-1.14147,19.1,R,950,USNOB1,CCD,targeted_outlier,30.0,False
326,101955,,A1955,2011-08-30 01:17:57.696000+00:00,58.84842,10.96131,19.1,R,950,USNOB1,CCD,targeted_outlier,30.0,False
327,101955,,A1955,2011-08-30 01:24:05.760000+00:00,58.85554,10.96486,19.1,R,950,USNOB1,CCD,targeted_outlier,30.0,False
328,101955,,A1955,2011-08-30 01:31:48+00:00,58.86442,10.96933,19.0,R,950,USNOB1,CCD,targeted_outlier,30.0,False
329,101955,,A1955,2011-08-30 01:39:37.152000+00:00,58.87337,10.97389,19.1,R,950,USNOB1,CCD,targeted_outlier,30.0,False
330,101955,,A1955,2011-08-30 01:48:19.872000+00:00,58.88325,10.97894,19.1,R,950,USNOB1,CCD,targeted_outlier,30.0,False
331,101955,,A1955,2011-08-30 01:56:54.816000+00:00,58.89304,10.98392,19.3,R,950,USNOB1,CCD,targeted_outlier,30.0,False
332,101955,,A1955,2011-08-30 02:06:29.376000+00:00,58.90392,10.98947,19.5,R,950,USNOB1,CCD,targeted_outlier,30.0,False
333,101955,,A1955,2011-08-30 02:14:08.160000+00:00,58.91267,10.99394,19.3,R,950,USNOB1,CCD,targeted_outlier,30.0,False
334,101955,,A1955,2011-08-30 02:21:40.896000+00:00,58.92117,10.99833,19.1,R,950,USNOB1,CCD,targeted_outlier,30.0,False
335,101955,,A1955,2011-08-30 02:29:37.824000+00:00,58.93017,11.00303,19.1,R,950,USNOB1,CCD,targeted_outlier,30.0,False
336,101955,,A1955,2011-08-30 02:36:25.632000+00:00,58.93796,11.00686,19.3,R,950,USNOB1,CCD,targeted_outlier,30.0,False
337,101955,,A1955,2011-08-30 02:44:06.144000+00:00,58.94667,11.01131,19.1,R,950,USNOB1,CCD,targeted_outlier,30.0,False
338,101955,,A1955,2011-08-30 02:52:43.680000+00:00,58.95633,11.01631,19.3,R,950,USNOB1,CCD,targeted_outlier,30.0,False
339,101955,,A1955,2011-08-30 02:59:21.984000+00:00,58.96379,11.02014,19.3,R,950,USNOB1,CCD,targeted_outlier,30.0,False
340,101955,,A1955,2011-08-30 03:06:26.208000+00:00,58.97183,11.02428,19.0,R,950,USNOB1,CCD,targeted_outlier,30.0,False
341,101955,,A1955,2011-08-30 03:13:54.624000+00:00,58.98017,11.02856,19.1,R,950,USNOB1,CCD,targeted_outlier,30.0,False
342,101955,,A1955,2011-08-30 03:19:34.176000+00:00,58.9865,11.03183,19.4,R,950,USNOB1,CCD,targeted_outlier,30.0,False
343,101955,,A1955,2011-08-30 03:29:38.976000+00:00,58.99796,11.03772,19.0,R,950,USNOB1,CCD,targeted_outlier,30.0,False
344,101955,,A1955,2011-08-30 03:35:38.400000+00:00,59.00467,11.04119,19.1,R,950,USNOB1,CCD,targeted_outlier,30.0,False
345,101955,,A1955,2011-08-30 03:42:14.112000+00:00,59.01213,11.045,19.0,R,950,USNOB1,CCD,targeted_outlier,30.0,False
346,101955,,A1955,2011-08-30 03:48:49.824000+00:00,59.01954,11.04881,19.1,R,950,USNOB1,CCD,targeted_outlier,30.0,False
347,101955,,A1955,2011-08-30 03:56:36.384000+00:00,59.02821,11.05328,19.2,R,950,USNOB1,CCD,targeted_outlier,30.0,False
348,101955,,A1955,2011-08-30 04:02:15.072000+00:00,59.03454,11.05653,19.3,R,950,USNOB1,CCD,targeted_outlier,30.0,False
349,101955,,A1955,2011-08-30 04:08:51.648000+00:00,59.04188,11.06033,19.2,R,950,USNOB1,CCD,targeted_outlier,30.0,False
350,101955,,A1955,2011-08-30 04:16:30.432000+00:00,59.05046,11.06481,19.1,R,950,USNOB1,CCD,targeted_outlier,30.0,False
351,101955,,A1955,2011-08-30 04:23:07.008000+00:00,59.05783,11.06858,19.1,R,950,USNOB1,CCD,targeted_outlier,30.0,False
352,101955,,A1955,2011-09-12 09:40:51.168000+00:00,83.8015,21.59292,20.3,V,H21,USNOB1,CCD,targeted_outlier,30.0,False
353,101955,,A1955,2011-09-12 09:50:43.008000+00:00,83.81492,21.59764,20.7,V,H21,USNOB1,CCD,targeted_outlier,30.0,False
354,101955,,A1955,2011-09-12 09:57:57.600000+00:00,83.82487,21.60111,20.4,V,H21,USNOB1,CCD,targeted_outlier,30.0,False
355,101955,,A1955,2011-09-14 03:43:12+00:00,87.38712,22.76842,19.4,R,950,USNOB1,CCD,targeted_outlier,30.0,False
356,101955,,A1955,2011-09-14 03:46:18.624000+00:00,87.39142,22.76986,19.4,R,950,USNOB1,CCD,targeted_outlier,30.0,False
357,101955,,A1955,2011-09-14 03:49:25.248000+00:00,87.39583,22.77131,19.4,R,950,USNOB1,CCD,targeted_outlier,30.0,False
358,101955,,A1955,2011-09-14 03:54:11.232000+00:00,87.40242,22.7735,19.4,R,950,USNOB1,CCD,targeted_outlier,30.0,False
359,101955,,A1955,2011-09-14 03:58:09.696000+00:00,87.40796,22.77536,19.3,R,950,USNOB1,CCD,targeted_outlier,30.0,False
360,101955,,A1955,2011-09-14 04:01:52.608000+00:00,87.41313,22.77708,19.2,R,950,USNOB1,CCD,targeted_outlier,30.0,False
361,101955,,A1955,2011-09-14 04:04:59.232000+00:00,87.41746,22.77853,19.2,R,950,USNOB1,CCD,targeted_outlier,30.0,False
362,101955,,A1955,2011-09-14 04:08:05.856000+00:00,87.41341666666666,22.771606666666667,19.2,R,950,USNOB1,CCD,targeted_outlier,30.0,True
363,101955,,A1955,2011-09-14 04:11:11.616000+00:00,87.42608,22.78139,19.0,R,950,USNOB1,CCD,targeted_outlier,30.0,False
364,101955,,A1955,2011-09-14 04:14:19.104000+00:00,87.43037,22.78283,18.8,R,950,USNOB1,CCD,targeted_outlier,30.0,False
365,101955,,A1955,2011-09-14 04:18:16.704000+00:00,87.43596,22.78472,19.1,R,950,USNOB1,CCD,targeted_outlier,30.0,False
366,101955,,A1955,2011-09-14 04:21:23.328000+00:00,87.44025,22.78603,19.2,R,950,USNOB1,CCD,targeted_outlier,30.0,False
367,101955,,A1955,2011-09-14 04:24:29.088000+00:00,87.44454,22.78756,19.5,R,950,USNOB1,CCD,targeted_outlier,30.0,False
368,101955,,A1955,2011-09-14 04:28:22.368000+00:00,87.44987,22.78931,19.2,R,950,USNOB1,CCD,targeted_outlier,30.0,False
369,101955,,A1955,2011-09-14 04:32:14.784000+00:00,87.45529,22.79114,19.3,R,950,USNOB1,CCD,targeted_outlier,30.0,False
370,101955,,A1955,2011-09-14 04:35:31.776000+00:00,87.45983,22.79258,19.4,R,950,USNOB1,CCD,targeted_outlier,30.0,False
371,101955,,A1955,2011-09-14 04:39:25.056000+00:00,87.46525,22.79444,19.5,R,950,USNOB1,CCD,targeted_outlier,30.0,False
372,101955,,A1955,2011-09-14 04:42:30.816000+00:00,87.4695,22.79586,19.4,R,950,USNOB1,CCD,targeted_outlier,30.0,False
373,101955,,A1955,2011-09-14 04:46:24.960000+00:00,87.47496,22.79767,19.4,R,950,USNOB1,CCD,targeted_outlier,30.0,False
374,101955,,A1955,2011-09-14 04:50:58.848000+00:00,87.48129,22.79972,19.4,R,950,USNOB1,CCD,targeted_outlier,30.0,False
375,101955,,A1955,2011-09-14 05:00:08.352000+00:00,87.49387,22.80397,19.2,R,950,USNOB1,CCD,targeted_outlier,30.0,False
376,101955,,A1955,2011-09-14 05:04:10.272000+00:00,87.49946,22.80581,19.2,R,950,USNOB1,CCD,targeted_outlier,30.0,False
377,101955,,A1955,2011-09-14 05:08:02.688000+00:00,87.50483,22.80761,19.1,R,950,USNOB1,CCD,targeted_outlier,30.0,False
378,101955,,A1955,2011-09-14 05:11:26.592000+00:00,87.50954,22.80917,19.0,R,950,USNOB1,CCD,targeted_outlier,30.0,False
379,101955,,A1955,2011-09-14 05:14:10.752000+00:00,87.51325,22.81039,18.8,R,950,USNOB1,CCD,targeted_outlier,30.0,False
380,101955,,A1955,2011-09-14 05:18:03.168000+00:00,87.51863,22.81225,19.0,R,950,USNOB1,CCD,targeted_outlier,30.0,False
381,101955,,A1955,2011-09-14 05:21:09.792000+00:00,87.52279,22.81358,18.8,R,950,USNOB1,CCD,targeted_outlier,30.0,False
382,101955,,A1955,2011-09-14 05:24:24.192000+00:00,87.52746,22.81511,19.5,R,950,USNOB1,CCD,targeted_outlier,30.0,False
383,101955,,A1955,2011-09-14 05:27:44.640000+00:00,87.53212,22.81661,19.0,R,950,USNOB1,CCD,targeted_outlier,30.0,False
384,101955,,A1955,2011-09-23 10:08:44.736000+00:00,106.40013,27.28869,20.1,R,H01,UCAC3,CCD,targeted_outlier,30.0,False
385,101955,,A1955,2011-09-23 10:26:44.736000+00:00,106.42467,27.29303,20.2,R,H01,UCAC3,CCD,targeted_outlier,30.0,False
386,101955,,A1955,2011-09-23 10:43:19.200000+00:00,106.44712,27.297,20.2,R,H01,UCAC3,CCD,targeted_outlier,30.0,False
387,101955,,A1955,2011-09-23 10:58:53.184000+00:00,106.46821,27.30072,20.3,R,H01,UCAC3,CCD,targeted_outlier,30.0,False
388,101955,,A1955,2011-09-25 11:51:52.704000+00:00,110.499,27.87969,20.5,R,H01,UCAC3,CCD,targeted_outlier,30.0,False
389,101955,,A1955,2011-09-25 12:02:42.432000+00:00,110.51321,27.88172,20.4,R,H01,UCAC3,CCD,targeted_outlier,30.0,False
390,101955,,A1955,2011-09-25 12:07:11.136000+00:00,110.51908,27.88253,20.3,R,H01,UCAC3,CCD,targeted_outlier,30.0,False
391,101955,,A1955,2011-09-25 12:12:15.264000+00:00,110.52583,27.88347,20.5,R,H01,UCAC3,CCD,targeted_outlier,30.0,False
392,101955,,P101sUk,2011-09-25 13:42:07.488000+00:00,110.652946,27.899983,20.9,w,F51,2MASS,CCD,targeted_outlier,30.0,False
393,101955,,P101sUk,2011-09-25 13:55:31.872000+00:00,110.670792,27.9025,21.1,w,F51,2MASS,CCD,targeted_outlier,30.0,False
394,101955,,P101sUk,2011-09-25 14:02:19.680000+00:00,110.679604,27.903789,21.3,w,F51,2MASS,CCD,targeted_outlier,30.0,False
395,101955,,A1955,2011-09-26 09:54:20.736000+00:00,112.28854,28.09106,20.5,R,H01,UCAC3,CCD,targeted_outlier,30.0,False
396,101955,,A1955,2011-09-26 10:59:52.800000+00:00,112.37467,28.10206,20.3,R,H01,UCAC3,CCD,targeted_outlier,30.0,False
397,101955,,A1955,2011-09-26 11:21:30.528000+00:00,112.40279,28.10564,20.6,R,H01,UCAC3,CCD,targeted_outlier,30.0,False
398,101955,,A1955,2011-09-29 10:24:25.632000+00:00,117.99492,28.59597,20.3,R,H01,USNOB1,CCD,targeted_outlier,30.0,False
399,101955,,A1955,2011-09-29 10:50:28.608000+00:00,118.02758,28.59861,20.4,R,H01,USNOB1,CCD,targeted_outlier,30.0,False
400,101955,,A1955,2011-09-29 11:18:36+00:00,118.06271,28.60136,20.3,R,H01,USNOB1,CCD,targeted_outlier,30.0,False
401,101955,,A1955,2011-09-29 11:51:56.160000+00:00,118.10421,28.60456,20.8,R,H01,USNOB1,CCD,targeted_outlier,30.0,False
402,101955,,A1955,2011-10-01 11:03:56.448000+00:00,121.66617,28.77653,20.8,R,H01,USNOB1,CCD,targeted_outlier,30.0,False
403,101955,,A1955,2011-10-01 11:20:08.448000+00:00,121.68571,28.77744,20.8,R,H01,USNOB1,CCD,targeted_outlier,30.0,False
404,101955,,A1955,2011-10-01 11:42:44.064000+00:00,121.71283,28.77869,20.5,R,H01,USNOB1,CCD,targeted_outlier,30.0,False
405,101955,,A1955,2011-11-05 04:05:43.296000+00:00,165.88275,20.99914,20.9,R,950,USNOB1,CCD,targeted_outlier,30.0,False
406,101955,,A1955,2011-11-05 04:07:35.616000+00:00,165.88404,20.99869,20.5,R,950,USNOB1,CCD,targeted_outlier,30.0,False
407,101955,,A1955,2011-11-05 04:09:40.032000+00:00,165.88517,20.99814,21.3,R,950,USNOB1,CCD,targeted_outlier,30.0,False
408,101955,,A1955,2011-11-05 04:12:30.240000+00:00,165.88708,20.99747,21.5,R,950,USNOB1,CCD,targeted_outlier,30.0,False
409,101955,,A1955,2011-11-05 04:14:51.936000+00:00,165.88854,20.99689,21.1,R,950,USNOB1,CCD,targeted_outlier,30.0,False
410,101955,,A1955,2011-11-05 04:19:24.096000+00:00,165.89146,20.99583,21.5,R,950,USNOB1,CCD,targeted_outlier,30.0,False
411,101955,,A1955,2011-11-05 04:21:45.792000+00:00,165.89288,20.99517,21.3,R,950,USNOB1,CCD,targeted_outlier,30.0,False
412,101955,,A1955,2011-11-05 04:24:09.216000+00:00,165.89437,20.99464,21.2,R,950,USNOB1,CCD,targeted_outlier,30.0,False
413,101955,,A1955,2011-11-05 04:26:30.912000+00:00,165.89587,20.99403,21.1,R,950,USNOB1,CCD,targeted_outlier,30.0,False
414,101955,,A1955,2011-11-05 04:28:54.336000+00:00,165.89742,20.99344,21.1,R,950,USNOB1,CCD,targeted_outlier,30.0,False
415,101955,,A1955,2011-11-05 04:31:28.992000+00:00,165.89896,20.99283,21.2,R,950,USNOB1,CCD,targeted_outlier,30.0,False
416,101955,,A1955,2011-11-05 04:33:50.688000+00:00,165.90038,20.99219,21.2,R,950,USNOB1,CCD,targeted_outlier,30.0,False
417,101955,,A1955,2011-11-05 04:36:13.248000+00:00,165.90188,20.99167,20.7,R,950,USNOB1,CCD,targeted_outlier,30.0,False
418,101955,,A1955,2011-11-05 04:38:35.808000+00:00,165.90338,20.99106,21.3,R,950,USNOB1,CCD,targeted_outlier,30.0,False
419,101955,,A1955,2011-11-05 04:40:58.368000+00:00,165.89654666666667,20.982106666666667,21.3,R,950,USNOB1,CCD,targeted_outlier,30.0,True
420,101955,,A1955,2011-11-05 04:43:32.160000+00:00,165.90646,20.98986,20.7,R,950,USNOB1,CCD,targeted_outlier,30.0,False
421,101955,,A1955,2011-11-05 04:45:53.856000+00:00,165.90792,20.98931,20.9,R,950,USNOB1,CCD,targeted_outlier,30.0,False
422,101955,,A1955,2011-11-05 04:48:16.416000+00:00,165.90942,20.98867,21.2,R,950,USNOB1,CCD,targeted_outlier,30.0,False
423,101955,,A1955,2011-11-05 04:50:38.976000+00:00,165.91092,20.98806,21.2,R,950,USNOB1,CCD,targeted_outlier,30.0,False
424,101955,,A1955,2011-11-05 04:53:00.672000+00:00,165.91238,20.98761,21.3,R,950,USNOB1,CCD,targeted_outlier,30.0,False
425,101955,,A1955,2011-11-05 04:55:32.736000+00:00,165.91388,20.98686,21.3,R,950,USNOB1,CCD,targeted_outlier,30.0,False
426,101955,,A1955,2011-11-05 04:57:55.296000+00:00,165.91542,20.98631,21.4,R,950,USNOB1,CCD,targeted_outlier,30.0,False
427,101955,,A1955,2011-11-05 05:00:17.856000+00:00,165.91683,20.98567,21.4,R,950,USNOB1,CCD,targeted_outlier,30.0,False
428,101955,,A1955,2011-11-05 05:02:40.416000+00:00,165.91837,20.98517,21.2,R,950,USNOB1,CCD,targeted_outlier,30.0,False
429,101955,,A1955,2011-11-05 05:05:02.976000+00:00,165.91979,20.98456,21.1,R,950,USNOB1,CCD,targeted_outlier,30.0,False
430,101955,,A1955,2011-11-05 05:07:35.040000+00:00,165.92146,20.98386,21.3,R,950,USNOB1,CCD,targeted_outlier,30.0,False
431,101955,,A1955,2011-11-05 05:09:57.600000+00:00,165.92288,20.98339,21.1,R,950,USNOB1,CCD,targeted_outlier,30.0,False
432,101955,,A1955,2011-11-05 05:12:20.160000+00:00,165.92433,20.98275,21.3,R,950,USNOB1,CCD,targeted_outlier,30.0,False
433,101955,,A1955,2011-11-05 05:14:42.720000+00:00,165.92571,20.98228,21.2,R,950,USNOB1,CCD,targeted_outlier,30.0,False
434,101955,,A1955,2011-11-05 05:17:05.280000+00:00,165.92721,20.98158,21.3,R,950,USNOB1,CCD,targeted_outlier,30.0,False
435,101955,,A1955,2011-11-05 05:19:38.208000+00:00,165.92883,20.98094,20.6,R,950,USNOB1,CCD,targeted_outlier,30.0,False
436,101955,,A1955,2011-11-05 05:22:00.768000+00:00,165.93037,20.98039,21.1,R,950,USNOB1,CCD,targeted_outlier,30.0,False
437,101955,,A1955,2011-11-05 05:24:23.328000+00:00,165.93167,20.97983,21.4,R,950,USNOB1,CCD,targeted_outlier,30.0,False
438,101955,,A1955,2011-11-05 05:26:45.024000+00:00,165.93317,20.97919,21.3,R,950,USNOB1,CCD,targeted_outlier,30.0,False
439,101955,,A1955,2011-11-05 05:29:07.584000+00:00,165.93467,20.97861,20.6,R,950,USNOB1,CCD,targeted_outlier,30.0,False
440,101955,,A1955,2011-11-05 05:31:42.240000+00:00,165.93617,20.978,21.1,R,950,USNOB1,CCD,targeted_outlier,30.0,False
441,101955,,A1955,2011-11-05 05:34:03.936000+00:00,165.93771,20.97742,21.1,R,950,USNOB1,CCD,targeted_outlier,30.0,False
442,101955,,A1955,2011-11-05 05:36:25.632000+00:00,165.93917,20.97683,21.1,R,950,USNOB1,CCD,targeted_outlier,30.0,False
443,101955,,A1955,2011-11-05 05:38:49.056000+00:00,165.94058,20.97622,21.0,R,950,USNOB1,CCD,targeted_outlier,30.0,False
444,101955,,A1955,2011-11-05 05:41:11.616000+00:00,165.94204,20.97569,21.6,R,950,USNOB1,CCD,targeted_outlier,30.0,False
445,101955,,A1955,2011-11-05 05:43:42.816000+00:00,165.94363,20.97503,21.2,R,950,USNOB1,CCD,targeted_outlier,30.0,False
446,101955,,A1955,2011-11-05 05:46:06.240000+00:00,165.94504,20.97453,21.0,R,950,USNOB1,CCD,targeted_outlier,30.0,False
447,101955,,A1955,2011-11-05 05:48:27.936000+00:00,165.94663,20.97383,21.6,R,950,USNOB1,CCD,targeted_outlier,30.0,False
448,101955,,A1955,2011-11-05 05:50:49.632000+00:00,165.94792,20.97319,21.1,R,950,USNOB1,CCD,targeted_outlier,30.0,False
449,101955,,A1955,2011-11-05 05:53:13.056000+00:00,165.94946,20.97269,21.0,R,950,USNOB1,CCD,targeted_outlier,30.0,False
450,101955,,A1955,2011-11-05 05:55:45.984000+00:00,165.95104,20.97208,21.3,R,950,USNOB1,CCD,targeted_outlier,30.0,False
451,101955,,A1955,2011-11-05 05:58:09.408000+00:00,165.95246,20.9715,21.1,R,950,USNOB1,CCD,targeted_outlier,30.0,False
452,101955,,A1955,2011-11-05 06:00:31.104000+00:00,165.95392,20.97083,21.1,R,950,USNOB1,CCD,targeted_outlier,30.0,False
453,101955,,A1955,2011-11-05 06:02:52.800000+00:00,165.94704666666667,20.961946666666666,21.0,R,950,USNOB1,CCD,targeted_outlier,30.0,True
454,101955,,A1955,2011-11-05 06:05:16.224000+00:00,165.95683,20.96972,21.6,R,950,USNOB1,CCD,targeted_outlier,30.0,False
455,101955,,A1955,2011-11-23 11:22:56.928000+00:00,180.89854,13.84603,21.6,R,H01,USNOB1,CCD,targeted_outlier,30.0,False
456,101955,,A1955,2011-11-23 11:30:56.448000+00:00,180.90267,13.84381,21.4,R,H01,USNOB1,CCD,targeted_outlier,30.0,False
457,101955,,A1955,2011-11-23 11:43:41.952000+00:00,180.90917,13.84028,21.7,R,H01,USNOB1,CCD,targeted_outlier,30.0,False
458,101955,,A1955,2011-11-23 11:53:27.744000+00:00,180.91404,13.83761,21.8,R,H01,USNOB1,CCD,targeted_outlier,30.0,False
459,101955,,A1955,2011-11-27 11:35:25.152000+00:00,183.85975,12.22128,21.3,R,H01,USNOB1,CCD,targeted_outlier,30.0,False
460,101955,,A1955,2011-11-27 11:54:30.816000+00:00,183.86904,12.216,21.3,R,H01,USNOB1,CCD,targeted_outlier,30.0,False
461,101955,,A1955,2011-11-27 12:05:23.136000+00:00,183.87437,12.213,21.3,R,H01,USNOB1,CCD,targeted_outlier,30.0,False
462,101955,,A1955,2011-11-27 12:17:49.632000+00:00,183.88046,12.20953,22.0,R,H01,USNOB1,CCD,targeted_outlier,30.0,False
463,101955,,A1955,2012-01-29 11:57:46.944000+00:00,222.69721,-11.02086,21.4,R,H01,USNOB1,CCD,targeted_outlier,30.0,False
464,101955,,A1955,2012-01-29 12:09:19.008000+00:00,222.70104,-11.02339,21.0,R,H01,USNOB1,CCD,targeted_outlier,30.0,False
465,101955,,A1955,2012-01-29 12:27:50.112000+00:00,222.70729,-11.02731,21.5,R,H01,USNOB1,CCD,targeted_outlier,30.0,False
466,101955,,A1955,2012-01-29 12:41:51.648000+00:00,222.712,-11.03033,20.9,R,H01,USNOB1,CCD,targeted_outlier,30.0,False
467,101955,,A1955,2012-01-30 11:22:20.640000+00:00,223.19171,-11.32067,21.2,R,H01,USNOB1,CCD,targeted_outlier,30.0,False
468,101955,,A1955,2012-01-30 11:42:37.152000+00:00,223.1985,-11.325,21.6,R,H01,USNOB1,CCD,targeted_outlier,30.0,False
469,101955,,A1955,2012-01-30 12:22:02.784000+00:00,223.21167,-11.33344,21.2,R,H01,USNOB1,CCD,targeted_outlier,30.0,False
470,101955,,A1955,2012-01-30 12:35:44.448000+00:00,223.21625,-11.33639,21.2,R,H01,USNOB1,CCD,targeted_outlier,30.0,False
471,101955,,A1955,2012-02-25 11:35:18.240000+00:00,234.33113,-18.75356,20.7,R,H01,USNOB1,CCD,targeted_outlier,30.0,False
472,101955,,A1955,2012-02-25 11:58:07.680000+00:00,234.33592,-18.75786,20.8,R,H01,USNOB1,CCD,targeted_outlier,30.0,False
473,101955,,A1955,2012-02-25 12:08:39.264000+00:00,234.33812,-18.75986,20.8,R,H01,USNOB1,CCD,targeted_outlier,30.0,False
474,101955,,A1955,2012-02-25 12:31:40.800000+00:00,234.34292,-18.76419,20.8,R,H01,USNOB1,CCD,targeted_outlier,30.0,False
475,101955,,A1955,2012-03-05 09:42:48.672000+00:00,236.85654,-21.14239,20.7,R,H01,USNOB1,CCD,targeted_outlier,30.0,False
476,101955,,A1955,2012-03-05 09:53:32.352000+00:00,236.85804,-21.14439,20.8,R,H01,USNOB1,CCD,targeted_outlier,30.0,False
477,101955,,A1955,2012-03-05 10:21:45.792000+00:00,236.87041333333332,-21.141386666666666,20.8,R,H01,USNOB1,CCD,targeted_outlier,30.0,True
478,101955,,A1955,2012-03-05 10:31:32.448000+00:00,236.86346,-21.15156,20.9,R,H01,USNOB1,CCD,targeted_outlier,30.0,False
479,101955,,,2012-03-15 10:30:25.056000+00:00,238.49442,-23.80683,20.4,R,H01,USNOB1,CCD,targeted_outlier,30.0,False
480,101955,,,2012-03-15 10:55:49.152000+00:00,238.49537,-23.81158,20.4,R,H01,USNOB1,CCD,targeted_outlier,30.0,False
481,101955,,,2012-03-15 11:20:45.600000+00:00,238.49629,-23.81617,20.3,R,H01,USNOB1,CCD,targeted_outlier,30.0,False
482,101955,,,2012-03-15 11:45:02.304000+00:00,238.49721,-23.82064,20.7,R,H01,USNOB1,CCD,targeted_outlier,30.0,False
483,101955,,A1955,2012-03-17 11:20:26.592000+00:00,238.63413,-24.34644,20.3,R,H01,USNOB1,CCD,targeted_outlier,30.0,False
484,101955,,A1955,2012-03-17 11:32:59.136000+00:00,238.63425,-24.34875,20.2,R,H01,USNOB1,CCD,targeted_outlier,30.0,False
485,101955,,A1955,2012-03-17 11:43:22.944000+00:00,238.63438,-24.35067,20.2,R,H01,USNOB1,CCD,targeted_outlier,30.0,False
486,101955,,A1955,2012-03-17 12:02:24.288000+00:00,238.63458,-24.35414,20.3,R,H01,USNOB1,CCD,targeted_outlier,30.0,False
487,101955,,A1955,2012-03-22 10:02:00.384000+00:00,238.65858,-25.65425,20.3,R,H01,USNOB1,CCD,targeted_outlier,30.0,False
488,101955,,A1955,2012-03-22 10:44:09.312000+00:00,238.65625,-25.66203,20.1,R,H01,USNOB1,CCD,targeted_outlier,30.0,False
489,101955,,A1955,2012-03-22 11:12:14.976000+00:00,238.65508,-25.66717,20.2,V,G96,UCAC2,CCD,targeted_outlier,30.0,False
490,101955,,A1955,2012-03-22 11:23:14.208000+00:00,238.65433,-25.66917,20.2,V,G96,UCAC2,CCD,targeted_outlier,30.0,False
491,101955,,A1955,2012-03-22 11:45:06.624000+00:00,238.65312,-25.67314,20.2,V,G96,UCAC2,CCD,targeted_outlier,30.0,False
492,101955,,A1955,2012-03-22 11:52:45.408000+00:00,238.65238,-25.6745,20.2,R,H01,USNOB1,CCD,targeted_outlier,30.0,False
493,101955,,A1955,2012-03-23 10:05:50.208000+00:00,238.60379,-25.91817,20.2,R,H01,USNOB1,CCD,targeted_outlier,30.0,False
494,101955,,A1955,2012-03-23 10:56:04.013000+00:00,238.600633,-25.9276,20.7,V,689,UCAC2,CCD,targeted_outlier,30.0,False
495,101955,,A1955,2012-03-23 11:01:03.216000+00:00,238.600258,-25.928522,20.46,V,689,UCAC2,CCD,targeted_outlier,30.0,False
496,101955,,A1955,2012-03-23 11:05:44.794000+00:00,238.599913,-25.929378,20.49,V,689,UCAC2,CCD,targeted_outlier,30.0,False
497,101955,,A1955,2012-03-23 11:06:06.912000+00:00,238.59954,-25.92922,20.0,R,H01,USNOB1,CCD,targeted_outlier,30.0,False
498,101955,,A1955,2012-03-23 11:09:31.421000+00:00,238.599633,-25.930067,20.53,V,689,UCAC2,CCD,targeted_outlier,30.0,False
499,101955,,A1955,2012-03-23 11:14:00.643000+00:00,238.59935,-25.930864,20.52,V,689,UCAC2,CCD,targeted_outlier,30.0,False
500,101955,,A1955,2012-03-23 11:17:43.642000+00:00,238.599033,-25.931547,20.41,V,689,UCAC2,CCD,targeted_outlier,30.0,False
501,101955,,A1955,2012-03-23 11:21:25.085000+00:00,238.598808,-25.932214,20.65,V,689,UCAC2,CCD,targeted_outlier,30.0,False
502,101955,,A1955,2012-03-23 11:25:02.035000+00:00,238.598525,-25.932881,20.53,V,689,UCAC2,CCD,targeted_outlier,30.0,False
503,101955,,A1955,2012-03-23 11:28:39.590000+00:00,238.598308,-25.933525,20.58,V,689,UCAC2,CCD,targeted_outlier,30.0,False
504,101955,,A1955,2012-03-23 11:56:30.912000+00:00,238.59596,-25.93836,20.0,R,H01,USNOB1,CCD,targeted_outlier,30.0,False
505,101955,,A1955,2012-03-24 10:00:52.128000+00:00,238.52863,-26.17981,20.0,R,H01,USNOB1,CCD,targeted_outlier,30.0,False
506,101955,,A1955,2012-03-24 10:36:56.448000+00:00,238.525883,-26.186617,20.68,V,689,UCAC2,CCD,targeted_outlier,30.0,False
507,101955,,A1955,2012-03-24 10:40:30.374000+00:00,238.525592,-26.187289,20.57,V,689,UCAC2,CCD,targeted_outlier,30.0,False
508,101955,,A1955,2012-03-24 10:44:04.042000+00:00,238.525308,-26.187925,20.57,V,689,UCAC2,CCD,targeted_outlier,30.0,False
509,101955,,A1955,2012-03-24 11:22:47.424000+00:00,238.52163,-26.19472,20.0,R,H01,USNOB1,CCD,targeted_outlier,30.0,False
510,101955,,A1955,2012-03-24 12:07:29.280000+00:00,238.51779,-26.20278,20.0,R,H01,USNOB1,CCD,targeted_outlier,30.0,False
511,101955,,A1955,2012-03-25 09:59:16.224000+00:00,238.43179,-26.44122,20.1,R,H01,USNOB1,CCD,targeted_outlier,30.0,False
512,101955,,A1955,2012-03-25 10:58:11.712000+00:00,238.42587,-26.45197,19.9,R,H01,USNOB1,CCD,targeted_outlier,30.0,False
513,101955,,A1955,2012-03-25 11:18:22.694000+00:00,238.424271,-26.455858,20.04,V,689,UCAC2,CCD,targeted_outlier,30.0,False
514,101955,,A1955,2012-03-25 11:21:55.930000+00:00,238.423804,-26.456428,20.02,V,689,UCAC2,CCD,targeted_outlier,30.0,False
515,101955,,A1955,2012-03-25 11:53:38.112000+00:00,238.42025,-26.46194,20.3,R,H01,USNOB1,CCD,targeted_outlier,30.0,False
516,101955,,A1955,2012-03-27 09:44:02.112000+00:00,238.17371,-26.95869,20.4,R,H01,USNOB1,CCD,targeted_outlier,30.0,False
517,101955,,A1955,2012-03-27 10:30:58.752000+00:00,238.16758,-26.96719,20.3,R,H01,USNOB1,CCD,targeted_outlier,30.0,False
518,101955,,A1955,2012-03-27 11:58:50.016000+00:00,238.15592,-26.98281,20.1,R,H01,USNOB1,CCD,targeted_outlier,30.0,False
519,101955,,A1955,2012-03-28 09:05:28.320000+00:00,238.01567,-27.20983,20.0,R,H01,USNOB1,CCD,targeted_outlier,30.0,False
520,101955,,A1955,2012-03-28 10:02:08.160000+00:00,238.00738,-27.22011,19.9,R,H01,USNOB1,CCD,targeted_outlier,30.0,False
521,101955,,A1955,2012-03-28 11:57:47.808000+00:00,237.99013,-27.24067,19.9,R,H01,USNOB1,CCD,targeted_outlier,30.0,False
522,101955,,A1955,2012-03-29 09:27:12.960000+00:00,237.82596,-27.47033,20.2,R,H01,USNOB1,CCD,targeted_outlier,30.0,False
523,101955,,A1955,2012-03-29 10:16:57.216000+00:00,237.81775,-27.47928,20.0,R,H01,USNOB1,CCD,targeted_outlier,30.0,False
524,101955,,A1955,2012-03-29 10:56:32.352000+00:00,237.81125,-27.48631,20.0,R,H01,USNOB1,CCD,targeted_outlier,30.0,False
525,101955,,A1955,2012-04-18 07:06:50.688000+00:00,229.02542,-31.6755,19.0,R,H01,USNOB1,CCD,targeted_outlier,30.0,False
526,101955,,A1955,2012-04-18 07:57:59.616000+00:00,228.99983,-31.6805,19.1,R,H01,USNOB1,CCD,targeted_outlier,30.0,False
527,101955,,A1955,2012-04-18 09:07:46.560000+00:00,228.96475,-31.687,19.1,R,H01,USNOB1,CCD,targeted_outlier,30.0,False
528,101955,,A1955,2012-04-18 10:14:50.208000+00:00,228.93117,-31.69292,19.1,R,H01,USNOB1,CCD,targeted_outlier,30.0,False
529,101955,,A1955,2012-04-21 07:08:38.688000+00:00,226.91512,-32.0255,18.6,R,H01,USNOB1,CCD,targeted_outlier,30.0,False
530,101955,,A1955,2012-04-21 07:12:00+00:00,226.90349666666668,-32.03461333333333,19.7,R,H36,UCAC3,CCD,targeted_outlier,30.0,True
531,101955,,A1955,2012-04-21 07:22:47.136000+00:00,226.90592,-32.02692,19.3,R,H36,UCAC3,CCD,targeted_outlier,30.0,False
532,101955,,A1955,2012-04-21 08:04:35.328000+00:00,226.88504,-32.02944,18.6,R,H01,USNOB1,CCD,targeted_outlier,30.0,False
533,101955,,A1955,2012-04-21 08:06:06.048000+00:00,226.883,-32.02975,19.4,R,H36,UCAC3,CCD,targeted_outlier,30.0,False
534,101955,,A1955,2012-04-21 09:05:53.376000+00:00,226.85204,-32.03353,18.6,R,H01,USNOB1,CCD,targeted_outlier,30.0,False
535,101955,,A1955,2012-04-21 10:07:40.800000+00:00,226.81892,-32.03739,18.7,R,H01,USNOB1,CCD,targeted_outlier,30.0,False
536,101955,,A1955,2012-04-22 07:09:59.904000+00:00,226.17792,-32.11781,19.4,R,H36,UCAC3,CCD,targeted_outlier,30.0,False
537,101955,,A1955,2012-04-22 07:16:58.944000+00:00,226.17437,-32.11817,19.9,R,H36,UCAC3,CCD,targeted_outlier,30.0,False
538,101955,,A1955,2012-04-22 07:29:12.480000+00:00,226.16892,-32.11856,18.8,R,H01,USNOB1,CCD,targeted_outlier,30.0,False
539,101955,,A1955,2012-04-22 08:40:09.408000+00:00,226.13008,-32.12275,18.6,R,H01,USNOB1,CCD,targeted_outlier,30.0,False
540,101955,,A1955,2012-04-22 09:21:12.672000+00:00,226.10762,-32.125,18.7,R,H01,USNOB1,CCD,targeted_outlier,30.0,False
541,101955,,A1955,2012-04-22 09:55:40.224000+00:00,226.08883,-32.12683,18.7,R,H01,USNOB1,CCD,targeted_outlier,30.0,False
542,101955,,A1955,2012-04-23 07:27:04.608000+00:00,225.42138,-32.19672,18.1,R,H06,USNOB1,CCD,targeted_outlier,30.0,False
543,101955,,A1955,2012-04-23 07:32:49.344000+00:00,225.4185,-32.19722,18.4,R,H06,USNOB1,CCD,targeted_outlier,30.0,False
544,101955,,A1955,2012-04-29 16:34:37.344000+00:00,220.45567,-32.37097,18.7,V,E12,UCAC2,CCD,targeted_outlier,30.0,False
545,101955,,A1955,2012-04-29 17:01:14.880000+00:00,220.44042,-32.37058,19.0,V,E12,UCAC2,CCD,targeted_outlier,30.0,False
546,101955,,A1955,2012-05-03 02:42:24.192000+00:00,217.78775,-32.24269,18.7,R,821,UCAC3,CCD,targeted_outlier,30.0,False
547,101955,,A1955,2012-05-03 02:46:36.480000+00:00,217.78538,-32.24244,18.9,R,821,UCAC3,CCD,targeted_outlier,30.0,False
548,101955,,A1955,2012-05-03 02:52:56.640000+00:00,217.78179,-32.24225,18.9,R,821,UCAC3,CCD,targeted_outlier,30.0,False
549,101955,,A1955,2012-06-14 04:34:26.112000+00:00,202.55433,-26.24836,20.5,R,H01,USNOB1,CCD,targeted_outlier,30.0,False
550,101955,,A1955,2012-06-14 04:44:35.232000+00:00,202.54628666666667,-26.256003333333332,20.6,R,H01,USNOB1,CCD,targeted_outlier,30.0,True
551,101955,,A1955,2012-06-14 04:59:34.656000+00:00,202.55508,-26.24664,20.6,R,H01,USNOB1,CCD,targeted_outlier,30.0,False
552,101955,,A1955,2012-06-14 05:20:25.728000+00:00,202.55575,-26.24519,20.5,R,H01,USNOB1,CCD,targeted_outlier,30.0,False
553,101955,,A1955,2012-06-15 04:55:06.816000+00:00,202.63321,-26.15675,20.6,R,H01,USNOB1,CCD,targeted_outlier,30.0,False
554,101955,,A1955,2012-06-15 05:06:21.600000+00:00,202.63367,-26.156,20.3,R,H01,USNOB1,CCD,targeted_outlier,30.0,False
555,101955,,A1955,2012-06-15 05:15:10.368000+00:00,202.63404,-26.15544,20.2,R,H01,USNOB1,CCD,targeted_outlier,30.0,False
556,101955,,A1955,2012-06-15 05:25:18.624000+00:00,202.62616666666668,-26.16311333333333,20.5,R,H01,USNOB1,CCD,targeted_outlier,30.0,True
557,101955,,A1955,2012-06-21 04:31:12.576000+00:00,203.41129,-25.72094,20.8,R,H01,USNOB1,CCD,targeted_outlier,30.0,False
558,101955,,A1955,2012-06-21 04:41:38.976000+00:00,203.41229,-25.7205,20.7,R,H01,USNOB1,CCD,targeted_outlier,30.0,False
559,101955,,A1955,2012-06-21 04:51:29.952000+00:00,203.41333,-25.72006,20.7,R,H01,USNOB1,CCD,targeted_outlier,30.0,False
560,101955,,A1955,2012-06-21 05:00:49.824000+00:00,203.41433,-25.71964,20.6,R,H01,USNOB1,CCD,targeted_outlier,30.0,False
561,101955,,A1955,2013-01-19 01:51:21.312000+00:00,355.25383,4.44567,21.6,R,H01,PPMXL,CCD,targeted_outlier,30.0,False
562,101955,,A1955,2013-01-19 02:02:44.736000+00:00,355.26146,4.44972,22.1,R,H01,PPMXL,CCD,targeted_outlier,30.0,False
563,101955,,A1955,2013-01-19 02:12:21.024000+00:00,355.26792,4.45322,21.8,R,H01,PPMXL,CCD,targeted_outlier,30.0,False
564,101955,,A1955,2013-01-19 02:22:38.784000+00:00,355.27479,4.45689,22.1,R,H01,PPMXL,CCD,targeted_outlier,30.0,False
565,101955,,A1955,2013-01-20 01:47:59.136000+00:00,356.22737,4.96169,22.3,R,H01,PPMXL,CCD,targeted_outlier,30.0,False
566,101955,,A1955,2013-01-20 02:00:31.680000+00:00,356.23579,4.96614,21.7,R,H01,PPMXL,CCD,targeted_outlier,30.0,False
567,101955,,A1955,2013-01-20 02:13:53.472000+00:00,356.24475,4.97094,21.4,R,H01,PPMXL,CCD,targeted_outlier,30.0,False
568,101955,,A1955,2013-01-20 02:41:07.296000+00:00,356.26313,4.98067,21.5,R,H01,PPMXL,CCD,targeted_outlier,30.0,False
569,101955,,P10CaYf,2017-08-01 14:05:13.344000+00:00,36.552396,5.033847,21.6,w,F51,2MASS,CCD,targeted_outlier,30.0,False
570,101955,,P10CaYf,2017-08-01 14:17:36.384000+00:00,36.561621,5.038408,21.3,w,F51,2MASS,CCD,targeted_outlier,30.0,False
571,101955,,P10CaYf,2017-08-01 14:29:51.648000+00:00,36.570658,5.042917,21.4,w,F51,2MASS,CCD,targeted_outlier,30.0,False
572,101955,,P10CaYf,2017-08-01 14:42:11.232000+00:00,36.579721,5.047422,21.3,w,F51,2MASS,CCD,targeted_outlier,30.0,False
573,101955,,P10CUPy,2017-09-01 14:08:40.704000+00:00,77.778175,21.759392,21.4,w,F51,2MASS,CCD,targeted_outlier,30.0,False
574,101955,,P10CUPy,2017-09-01 14:16:08.256000+00:00,77.786075,21.761753,21.5,w,F51,2MASS,CCD,targeted_outlier,30.0,False
575,101955,,P10CUPy,2017-09-01 14:23:34.944000+00:00,77.79385,21.764086,21.2,w,F51,2MASS,CCD,targeted_outlier,30.0,False
576,101955,,P10CUPy,2017-09-01 14:31:01.632000+00:00,77.801746,21.766442,21.4,w,F51,2MASS,CCD,targeted_outlier,30.0,False
577,101955,,A1955,2018-05-15 18:12:29.952000+00:00,232.75746,-38.67325,,,Q62,UCAC4,CCD,targeted_outlier,30.0,False
578,101955,,A1955,2018-05-15 18:33:34.848000+00:00,232.74517,-38.67278,,,Q62,UCAC4,CCD,targeted_outlier,30.0,False
579,101955,,A1955,2018-05-15 18:55:30.720000+00:00,232.73267,-38.67217,20.5,V,Q62,UCAC4,CCD,targeted_outlier,30.0,False
580,101955,,J99R36Q,2023-10-03 11:13:32.736000+00:00,130.03642,24.98781,22.2,G,291,Gaia2,CCD,targeted_outlier,30.0,False
581,101955,,J99R36Q,2023-10-03 11:46:45.120000+00:00,130.06525,24.98339,22.0,G,291,Gaia2,CCD,targeted_outlier,30.0,False
582,101955,,J99R36Q,2023-10-03 11:49:40.512000+00:00,130.06796,24.983,22.3,G,695,Gaia2,CCD,targeted_outlier,30.0,False
583,101955,,J99R36Q,2023-10-03 12:01:26.400000+00:00,130.078,24.98147,23.0,G,695,Gaia2,CCD,targeted_outlier,30.0,False
584,101955,,J99R36Q,2023-10-03 12:13:11.424000+00:00,130.08817,24.97986,,,695,Gaia2,CCD,targeted_outlier,30.0,False
585,101955,,SWC0684,2024-07-05 23:45:35.200000+00:00,227.333301,-37.294579,20.3,Vj,Y05,ATLAS2,CMO,targeted_outlier,30.0,False
586,101955,,SWC0684,2024-07-06 00:38:27.100000+00:00,227.328749,-37.286707,19.7,Vj,Y05,ATLAS2,CMO,targeted_outlier,30.0,False
587,101955,,SWC0685,2024-07-06 23:07:40.500000+00:00,227.264833,-37.093868,19.7,Vj,Y05,ATLAS2,CMO,targeted_outlier,30.0,False
588,101955,,SWC0685,2024-07-07 00:00:32.300000+00:00,227.261357,-37.086123,19.8,Vj,Y05,ATLAS2,CMO,targeted_outlier,30.0,False
589,101955,,J99R36Q,2024-12-27 01:34:54.620000+00:00,338.042375,0.050556,,,691,Gaia2,CCD,targeted_outlier,30.0,False
590,101955,,J99R36Q,2024-12-27 02:11:32.640000+00:00,338.064333,0.063833,,,691,Gaia2,CCD,targeted_outlier,30.0,False
591,101955,,J99R36Q,2025-01-24 02:07:53.180000+00:00,5.546083,15.898861,23.5,R,291,Gaia2,CCD,targeted_outlier,30.0,False
592,101955,,J99R36Q,2025-01-24 02:16:48.860000+00:00,5.552542,15.90225,,,291,Gaia2,CCD,targeted_outlier,30.0,False
593,101955,,J99R36Q,2025-01-24 02:25:41.950000+00:00,5.559,15.905417,,,291,Gaia2,CCD,targeted_outlier,30.0,False
594,101955,,J99R36Q,2025-01-27 02:18:40.320000+00:00,8.998208,17.604361,22.1,R,691,Gaia2,CCD,targeted_outlier,30.0,False
595,101955,,J99R36Q,2025-01-27 02:42:54.430000+00:00,9.017708,17.613778,22.4,R,691,Gaia2,CCD,targeted_outlier,30.0,False
596,101955,,J99R36Q,2025-01-27 03:07:09.410000+00:00,9.037292,17.623583,22.3,R,691,Gaia2,CCD,targeted_outlier,30.0,False
597,101955,,A1955,2025-04-01 19:08:44.730000+00:00,104.647695,26.470888,20.6,Gr,033,Gaia3E,CCD,targeted_outlier,30.0,False
598,101955,,A1955,2025-04-01 19:13:02.200000+00:00,104.6514,26.46986,20.2,Gr,033,Gaia3E,CCD,targeted_outlier,30.0,False
599,101955,,A1955,2025-04-01 19:17:18.810000+00:00,104.65515,26.468832,20.6,Gr,033,Gaia3E,CCD,targeted_outlier,30.0,False
600,101955,,A1955,2025-04-28 20:20:27.450000+00:00,132.6672,16.464944,21.5,Gr,033,Gaia3E,CCD,targeted_outlier,30.0,False
601,101955,,A1955,2025-04-28 20:25:44.540000+00:00,132.67011,16.463722,21.5,Gr,033,Gaia3E,CCD,targeted_outlier,30.0,False
602,101955,,A1955,2025-04-28 20:31:03.360000+00:00,132.67362,16.462277,21.2,Gr,033,Gaia3E,CCD,targeted_outlier,30.0,False
